{
  "dataset_revision": "1.0",
  "task_name": "CovidQA",
  "mteb_version": "2.12.1",
  "scores": {
    "test": [
      {
        "ndcg_at_1": 0.42844,
        "ndcg_at_5": 0.59477,
        "ndcg_at_10": 0.63517,
        "ndcg_at_25": 0.66168,
        "ndcg_at_50": 0.66692,
        "map_at_1": 0.42844,
        "map_at_5": 0.54595,
        "map_at_10": 0.56275,
        "map_at_25": 0.56976,
        "map_at_50": 0.57055,
        "recall_at_1": 0.42844,
        "recall_at_5": 0.74167,
        "recall_at_10": 0.86589,
        "recall_at_25": 0.973,
        "recall_at_50": 1.0,
        "accuracy": 0.42844,
        "precision_at_1": 0.42844,
        "precision_at_5": 0.14833,
        "precision_at_10": 0.08659,
        "precision_at_25": 0.03892,
        "precision_at_50": 0.02,
        "mrr_at_1": 0.428443,
        "mrr_at_5": 0.54595,
        "mrr_at_10": 0.562747,
        "mrr_at_25": 0.56976,
        "mrr_at_50": 0.570545,
        "nauc_ndcg_at_1_max": 0.198618,
        "nauc_ndcg_at_1_std": 0.098934,
        "nauc_ndcg_at_1_diff1": 0.458457,
        "nauc_ndcg_at_5_max": 0.202742,
        "nauc_ndcg_at_5_std": 0.171826,
        "nauc_ndcg_at_5_diff1": 0.369126,
        "nauc_ndcg_at_10_max": 0.190973,
        "nauc_ndcg_at_10_std": 0.175354,
        "nauc_ndcg_at_10_diff1": 0.37874,
        "nauc_ndcg_at_25_max": 0.197356,
        "nauc_ndcg_at_25_std": 0.160259,
        "nauc_ndcg_at_25_diff1": 0.387053,
        "nauc_ndcg_at_50_max": 0.19576,
        "nauc_ndcg_at_50_std": 0.152469,
        "nauc_ndcg_at_50_diff1": 0.396388,
        "nauc_map_at_1_max": 0.198618,
        "nauc_map_at_1_std": 0.098934,
        "nauc_map_at_1_diff1": 0.458457,
        "nauc_map_at_5_max": 0.200152,
        "nauc_map_at_5_std": 0.150323,
        "nauc_map_at_5_diff1": 0.397318,
        "nauc_map_at_10_max": 0.195192,
        "nauc_map_at_10_std": 0.150042,
        "nauc_map_at_10_diff1": 0.401467,
        "nauc_map_at_25_max": 0.196536,
        "nauc_map_at_25_std": 0.14631,
        "nauc_map_at_25_diff1": 0.403553,
        "nauc_map_at_50_max": 0.196343,
        "nauc_map_at_50_std": 0.145364,
        "nauc_map_at_50_diff1": 0.404725,
        "nauc_recall_at_1_max": 0.198618,
        "nauc_recall_at_1_std": 0.098934,
        "nauc_recall_at_1_diff1": 0.458457,
        "nauc_recall_at_5_max": 0.214574,
        "nauc_recall_at_5_std": 0.259808,
        "nauc_recall_at_5_diff1": 0.252794,
        "nauc_recall_at_10_max": 0.157999,
        "nauc_recall_at_10_std": 0.35718,
        "nauc_recall_at_10_diff1": 0.230207,
        "nauc_recall_at_25_max": 0.267449,
        "nauc_recall_at_25_std": 0.507262,
        "nauc_recall_at_25_diff1": -0.023229,
        "nauc_recall_at_50_max": NaN,
        "nauc_recall_at_50_std": NaN,
        "nauc_recall_at_50_diff1": NaN,
        "nauc_precision_at_1_max": 0.198618,
        "nauc_precision_at_1_std": 0.098934,
        "nauc_precision_at_1_diff1": 0.458457,
        "nauc_precision_at_5_max": 0.214574,
        "nauc_precision_at_5_std": 0.259808,
        "nauc_precision_at_5_diff1": 0.252794,
        "nauc_precision_at_10_max": 0.157999,
        "nauc_precision_at_10_std": 0.35718,
        "nauc_precision_at_10_diff1": 0.230207,
        "nauc_precision_at_25_max": 0.267449,
        "nauc_precision_at_25_std": 0.507262,
        "nauc_precision_at_25_diff1": -0.023229,
        "nauc_precision_at_50_max": 1.0,
        "nauc_precision_at_50_std": 1.0,
        "nauc_precision_at_50_diff1": 1.0,
        "nauc_mrr_at_1_max": 0.198618,
        "nauc_mrr_at_1_std": 0.098934,
        "nauc_mrr_at_1_diff1": 0.458457,
        "nauc_mrr_at_5_max": 0.200152,
        "nauc_mrr_at_5_std": 0.150323,
        "nauc_mrr_at_5_diff1": 0.397318,
        "nauc_mrr_at_10_max": 0.195192,
        "nauc_mrr_at_10_std": 0.150042,
        "nauc_mrr_at_10_diff1": 0.401467,
        "nauc_mrr_at_25_max": 0.196536,
        "nauc_mrr_at_25_std": 0.14631,
        "nauc_mrr_at_25_diff1": 0.403553,
        "nauc_mrr_at_50_max": 0.196343,
        "nauc_mrr_at_50_std": 0.145364,
        "nauc_mrr_at_50_diff1": 0.404725,
        "hit_rate_at_1": 0.42844,
        "hit_rate_at_5": 0.74167,
        "hit_rate_at_10": 0.86589,
        "hit_rate_at_25": 0.973,
        "hit_rate_at_50": 1.0,
        "R_cap_at_1": 0.42844,
        "R_cap_at_5": 0.74167,
        "R_cap_at_10": 0.86589,
        "R_cap_at_25": 0.973,
        "R_cap_at_50": 1.0,
        "main_score": 0.63517,
        "hf_subset": "Covid-QA",
        "languages": [
          "eng-Latn"
        ]
      }
    ]
  },
  "evaluation_time": 32.60954689979553,
  "kg_co2_emissions": null,
  "date": null
}