{
  "dataset_revision": "1.0",
  "task_name": "DeepPlanning",
  "mteb_version": "2.12.1",
  "scores": {
    "test": [
      {
        "ndcg_at_1": 0.16,
        "ndcg_at_5": 0.141,
        "ndcg_at_10": 0.17075,
        "ndcg_at_25": 0.23632,
        "ndcg_at_50": 0.28463,
        "map_at_1": 0.03767,
        "map_at_5": 0.07572,
        "map_at_10": 0.08763,
        "map_at_25": 0.10755,
        "map_at_50": 0.11845,
        "recall_at_1": 0.03767,
        "recall_at_5": 0.138,
        "recall_at_10": 0.19967,
        "recall_at_25": 0.369,
        "recall_at_50": 0.524,
        "accuracy": 0.03767,
        "precision_at_1": 0.16,
        "precision_at_5": 0.112,
        "precision_at_10": 0.082,
        "precision_at_25": 0.0616,
        "precision_at_50": 0.0448,
        "mrr_at_1": 0.16,
        "mrr_at_5": 0.29,
        "mrr_at_10": 0.307357,
        "mrr_at_25": 0.321364,
        "mrr_at_50": 0.32421,
        "nauc_ndcg_at_1_max": 0.048548,
        "nauc_ndcg_at_1_std": -0.092334,
        "nauc_ndcg_at_1_diff1": 0.312029,
        "nauc_ndcg_at_5_max": 0.105499,
        "nauc_ndcg_at_5_std": 0.04334,
        "nauc_ndcg_at_5_diff1": 0.380237,
        "nauc_ndcg_at_10_max": 0.109695,
        "nauc_ndcg_at_10_std": 0.105199,
        "nauc_ndcg_at_10_diff1": 0.343814,
        "nauc_ndcg_at_25_max": 0.155969,
        "nauc_ndcg_at_25_std": 0.247093,
        "nauc_ndcg_at_25_diff1": 0.300643,
        "nauc_ndcg_at_50_max": 0.140945,
        "nauc_ndcg_at_50_std": 0.214954,
        "nauc_ndcg_at_50_diff1": 0.269138,
        "nauc_map_at_1_max": 0.007317,
        "nauc_map_at_1_std": -0.134281,
        "nauc_map_at_1_diff1": 0.383013,
        "nauc_map_at_5_max": 0.077498,
        "nauc_map_at_5_std": -0.002985,
        "nauc_map_at_5_diff1": 0.384073,
        "nauc_map_at_10_max": 0.077851,
        "nauc_map_at_10_std": 0.055903,
        "nauc_map_at_10_diff1": 0.372538,
        "nauc_map_at_25_max": 0.104625,
        "nauc_map_at_25_std": 0.123198,
        "nauc_map_at_25_diff1": 0.337734,
        "nauc_map_at_50_max": 0.101707,
        "nauc_map_at_50_std": 0.129067,
        "nauc_map_at_50_diff1": 0.33054,
        "nauc_recall_at_1_max": 0.007317,
        "nauc_recall_at_1_std": -0.134281,
        "nauc_recall_at_1_diff1": 0.383013,
        "nauc_recall_at_5_max": 0.097147,
        "nauc_recall_at_5_std": 0.098854,
        "nauc_recall_at_5_diff1": 0.376252,
        "nauc_recall_at_10_max": 0.099846,
        "nauc_recall_at_10_std": 0.209444,
        "nauc_recall_at_10_diff1": 0.245066,
        "nauc_recall_at_25_max": 0.158997,
        "nauc_recall_at_25_std": 0.434629,
        "nauc_recall_at_25_diff1": 0.131696,
        "nauc_recall_at_50_max": 0.106794,
        "nauc_recall_at_50_std": 0.368394,
        "nauc_recall_at_50_diff1": 0.058226,
        "nauc_precision_at_1_max": 0.048548,
        "nauc_precision_at_1_std": -0.092334,
        "nauc_precision_at_1_diff1": 0.312029,
        "nauc_precision_at_5_max": 0.140663,
        "nauc_precision_at_5_std": 0.16353,
        "nauc_precision_at_5_diff1": 0.381412,
        "nauc_precision_at_10_max": 0.160401,
        "nauc_precision_at_10_std": 0.226992,
        "nauc_precision_at_10_diff1": 0.202212,
        "nauc_precision_at_25_max": 0.233075,
        "nauc_precision_at_25_std": 0.416717,
        "nauc_precision_at_25_diff1": 0.054638,
        "nauc_precision_at_50_max": 0.208107,
        "nauc_precision_at_50_std": 0.288715,
        "nauc_precision_at_50_diff1": 0.004895,
        "nauc_mrr_at_1_max": 0.048548,
        "nauc_mrr_at_1_std": -0.092334,
        "nauc_mrr_at_1_diff1": 0.312029,
        "nauc_mrr_at_5_max": 0.128975,
        "nauc_mrr_at_5_std": 0.020527,
        "nauc_mrr_at_5_diff1": 0.359217,
        "nauc_mrr_at_10_max": 0.128064,
        "nauc_mrr_at_10_std": 0.020795,
        "nauc_mrr_at_10_diff1": 0.340435,
        "nauc_mrr_at_25_max": 0.131617,
        "nauc_mrr_at_25_std": 0.033384,
        "nauc_mrr_at_25_diff1": 0.345948,
        "nauc_mrr_at_50_max": 0.126265,
        "nauc_mrr_at_50_std": 0.026544,
        "nauc_mrr_at_50_diff1": 0.342041,
        "hit_rate_at_1": 0.16,
        "hit_rate_at_5": 0.52,
        "hit_rate_at_10": 0.66,
        "hit_rate_at_25": 0.86,
        "hit_rate_at_50": 0.96,
        "R_cap_at_1": 0.16,
        "R_cap_at_5": 0.13933,
        "R_cap_at_10": 0.19967,
        "R_cap_at_25": 0.369,
        "R_cap_at_50": 0.524,
        "main_score": 0.17075,
        "hf_subset": "shopping_level1",
        "languages": [
          "eng-Latn"
        ]
      },
      {
        "ndcg_at_1": 0.14,
        "ndcg_at_5": 0.10219,
        "ndcg_at_10": 0.11801,
        "ndcg_at_25": 0.18136,
        "ndcg_at_50": 0.23647,
        "map_at_1": 0.02867,
        "map_at_5": 0.04936,
        "map_at_10": 0.0559,
        "map_at_25": 0.07334,
        "map_at_50": 0.0852,
        "recall_at_1": 0.02867,
        "recall_at_5": 0.09067,
        "recall_at_10": 0.13033,
        "recall_at_25": 0.29467,
        "recall_at_50": 0.471,
        "accuracy": 0.02867,
        "precision_at_1": 0.14,
        "precision_at_5": 0.088,
        "precision_at_10": 0.062,
        "precision_at_25": 0.0536,
        "precision_at_50": 0.0428,
        "mrr_at_1": 0.14,
        "mrr_at_5": 0.227333,
        "mrr_at_10": 0.241135,
        "mrr_at_25": 0.25638,
        "mrr_at_50": 0.260764,
        "nauc_ndcg_at_1_max": 0.114812,
        "nauc_ndcg_at_1_std": 0.003734,
        "nauc_ndcg_at_1_diff1": 0.010862,
        "nauc_ndcg_at_5_max": 0.22997,
        "nauc_ndcg_at_5_std": 0.132608,
        "nauc_ndcg_at_5_diff1": 0.0055,
        "nauc_ndcg_at_10_max": 0.226058,
        "nauc_ndcg_at_10_std": 0.150406,
        "nauc_ndcg_at_10_diff1": -0.060894,
        "nauc_ndcg_at_25_max": 0.131414,
        "nauc_ndcg_at_25_std": 0.222392,
        "nauc_ndcg_at_25_diff1": -0.215454,
        "nauc_ndcg_at_50_max": 0.114771,
        "nauc_ndcg_at_50_std": 0.188267,
        "nauc_ndcg_at_50_diff1": -0.197522,
        "nauc_map_at_1_max": 0.136475,
        "nauc_map_at_1_std": 0.02585,
        "nauc_map_at_1_diff1": 0.010724,
        "nauc_map_at_5_max": 0.204536,
        "nauc_map_at_5_std": 0.143485,
        "nauc_map_at_5_diff1": 0.001707,
        "nauc_map_at_10_max": 0.211254,
        "nauc_map_at_10_std": 0.13843,
        "nauc_map_at_10_diff1": -0.040304,
        "nauc_map_at_25_max": 0.165767,
        "nauc_map_at_25_std": 0.180822,
        "nauc_map_at_25_diff1": -0.123101,
        "nauc_map_at_50_max": 0.143165,
        "nauc_map_at_50_std": 0.16651,
        "nauc_map_at_50_diff1": -0.132135,
        "nauc_recall_at_1_max": 0.136475,
        "nauc_recall_at_1_std": 0.02585,
        "nauc_recall_at_1_diff1": 0.010724,
        "nauc_recall_at_5_max": 0.224285,
        "nauc_recall_at_5_std": 0.261705,
        "nauc_recall_at_5_diff1": 0.055696,
        "nauc_recall_at_10_max": 0.247213,
        "nauc_recall_at_10_std": 0.224649,
        "nauc_recall_at_10_diff1": -0.115965,
        "nauc_recall_at_25_max": -0.007831,
        "nauc_recall_at_25_std": 0.31254,
        "nauc_recall_at_25_diff1": -0.343664,
        "nauc_recall_at_50_max": -0.057233,
        "nauc_recall_at_50_std": 0.235785,
        "nauc_recall_at_50_diff1": -0.284572,
        "nauc_precision_at_1_max": 0.114812,
        "nauc_precision_at_1_std": 0.003734,
        "nauc_precision_at_1_diff1": 0.010862,
        "nauc_precision_at_5_max": 0.313611,
        "nauc_precision_at_5_std": 0.148213,
        "nauc_precision_at_5_diff1": 0.019265,
        "nauc_precision_at_10_max": 0.308041,
        "nauc_precision_at_10_std": 0.116171,
        "nauc_precision_at_10_diff1": -0.161103,
        "nauc_precision_at_25_max": 0.090966,
        "nauc_precision_at_25_std": 0.184153,
        "nauc_precision_at_25_diff1": -0.385675,
        "nauc_precision_at_50_max": 0.072998,
        "nauc_precision_at_50_std": 0.067529,
        "nauc_precision_at_50_diff1": -0.306184,
        "nauc_mrr_at_1_max": 0.114812,
        "nauc_mrr_at_1_std": 0.003734,