{
  "dataset_revision": "1.0",
  "task_name": "ESGReports",
  "mteb_version": "2.12.1",
  "scores": {
    "test": [
      {
        "ndcg_at_1": 0.08333,
        "ndcg_at_5": 0.19695,
        "ndcg_at_10": 0.26311,
        "ndcg_at_25": 0.33597,
        "ndcg_at_50": 0.38024,
        "map_at_1": 0.04167,
        "map_at_5": 0.13417,
        "map_at_10": 0.16313,
        "map_at_25": 0.19032,
        "map_at_50": 0.19962,
        "recall_at_1": 0.04167,
        "recall_at_5": 0.29398,
        "recall_at_10": 0.48472,
        "recall_at_25": 0.7213,
        "recall_at_50": 0.90741,
        "accuracy": 0.04167,
        "precision_at_1": 0.08333,
        "precision_at_5": 0.11667,
        "precision_at_10": 0.08333,
        "precision_at_25": 0.05667,
        "precision_at_50": 0.03667,
        "mrr_at_1": 0.083333,
        "mrr_at_5": 0.208333,
        "mrr_at_10": 0.239804,
        "mrr_at_25": 0.2488,
        "mrr_at_50": 0.252863,
        "nauc_ndcg_at_1_max": 0.167221,
        "nauc_ndcg_at_1_std": -0.320738,
        "nauc_ndcg_at_1_diff1": 0.470313,
        "nauc_ndcg_at_5_max": 0.103905,
        "nauc_ndcg_at_5_std": -0.179069,
        "nauc_ndcg_at_5_diff1": 0.216499,
        "nauc_ndcg_at_10_max": 0.125738,
        "nauc_ndcg_at_10_std": -0.207956,
        "nauc_ndcg_at_10_diff1": 0.303139,
        "nauc_ndcg_at_25_max": 0.055848,
        "nauc_ndcg_at_25_std": -0.217906,
        "nauc_ndcg_at_25_diff1": 0.288738,
        "nauc_ndcg_at_50_max": 0.008656,
        "nauc_ndcg_at_50_std": -0.250187,
        "nauc_ndcg_at_50_diff1": 0.241912,
        "nauc_map_at_1_max": 0.126146,
        "nauc_map_at_1_std": -0.311161,
        "nauc_map_at_1_diff1": 0.823438,
        "nauc_map_at_5_max": 0.118941,
        "nauc_map_at_5_std": -0.193963,
        "nauc_map_at_5_diff1": 0.318427,
        "nauc_map_at_10_max": 0.121847,
        "nauc_map_at_10_std": -0.223676,
        "nauc_map_at_10_diff1": 0.353831,
        "nauc_map_at_25_max": 0.100374,
        "nauc_map_at_25_std": -0.22553,
        "nauc_map_at_25_diff1": 0.332699,
        "nauc_map_at_50_max": 0.089403,
        "nauc_map_at_50_std": -0.23329,
        "nauc_map_at_50_diff1": 0.316556,
        "nauc_recall_at_1_max": 0.126146,
        "nauc_recall_at_1_std": -0.311161,
        "nauc_recall_at_1_diff1": 0.823438,
        "nauc_recall_at_5_max": 0.081191,
        "nauc_recall_at_5_std": -0.137588,
        "nauc_recall_at_5_diff1": 0.128987,
        "nauc_recall_at_10_max": 0.135608,
        "nauc_recall_at_10_std": -0.112481,
        "nauc_recall_at_10_diff1": 0.246104,
        "nauc_recall_at_25_max": -0.005208,
        "nauc_recall_at_25_std": -0.140107,
        "nauc_recall_at_25_diff1": 0.348168,
        "nauc_recall_at_50_max": -0.430886,
        "nauc_recall_at_50_std": -0.248855,
        "nauc_recall_at_50_diff1": 0.157644,
        "nauc_precision_at_1_max": 0.167221,
        "nauc_precision_at_1_std": -0.320738,
        "nauc_precision_at_1_diff1": 0.470313,
        "nauc_precision_at_5_max": 0.170032,
        "nauc_precision_at_5_std": -0.061481,
        "nauc_precision_at_5_diff1": 0.011949,
        "nauc_precision_at_10_max": 0.119296,
        "nauc_precision_at_10_std": -0.142924,
        "nauc_precision_at_10_diff1": 0.096142,
        "nauc_precision_at_25_max": -0.015951,
        "nauc_precision_at_25_std": -0.117235,
        "nauc_precision_at_25_diff1": -0.028533,
        "nauc_precision_at_50_max": -0.108359,
        "nauc_precision_at_50_std": -0.142894,
        "nauc_precision_at_50_diff1": -0.1376,
        "nauc_mrr_at_1_max": 0.167221,
        "nauc_mrr_at_1_std": -0.320738,
        "nauc_mrr_at_1_diff1": 0.470313,
        "nauc_mrr_at_5_max": 0.081047,
        "nauc_mrr_at_5_std": -0.201777,
        "nauc_mrr_at_5_diff1": 0.177517,
        "nauc_mrr_at_10_max": 0.077591,
        "nauc_mrr_at_10_std": -0.232023,
        "nauc_mrr_at_10_diff1": 0.219869,
        "nauc_mrr_at_25_max": 0.066632,
        "nauc_mrr_at_25_std": -0.240501,
        "nauc_mrr_at_25_diff1": 0.231234,
        "nauc_mrr_at_50_max": 0.064463,
        "nauc_mrr_at_50_std": -0.242955,
        "nauc_mrr_at_50_diff1": 0.229775,
        "hit_rate_at_1": 0.08333,
        "hit_rate_at_5": 0.44444,
        "hit_rate_at_10": 0.66667,
        "hit_rate_at_25": 0.80556,
        "hit_rate_at_50": 0.94444,
        "R_cap_at_1": 0.08333,
        "R_cap_at_5": 0.29491,
        "R_cap_at_10": 0.48472,
        "R_cap_at_25": 0.7213,
        "R_cap_at_50": 0.90741,
        "main_score": 0.26311,
        "hf_subset": "ESG-Reports",
        "languages": [
          "eng-Latn"
        ]
      }
    ]
  },
  "evaluation_time": 22.74683928489685,
  "kg_co2_emissions": null,
  "date": null
}