{
  "dataset_revision": "1.0",
  "task_name": "Gorilla",
  "mteb_version": "2.12.1",
  "scores": {
    "test": [
      {
        "ndcg_at_1": 0.08,
        "ndcg_at_5": 0.15381,
        "ndcg_at_10": 0.18401,
        "ndcg_at_25": 0.2201,
        "ndcg_at_50": 0.2432,
        "map_at_1": 0.08,
        "map_at_5": 0.1313,
        "map_at_10": 0.14363,
        "map_at_25": 0.15289,
        "map_at_50": 0.15629,
        "recall_at_1": 0.08,
        "recall_at_5": 0.222,
        "recall_at_10": 0.316,
        "recall_at_25": 0.464,
        "recall_at_50": 0.584,
        "accuracy": 0.08,
        "precision_at_1": 0.08,
        "precision_at_5": 0.0444,
        "precision_at_10": 0.0316,
        "precision_at_25": 0.01856,
        "precision_at_50": 0.01168,
        "mrr_at_1": 0.08,
        "mrr_at_5": 0.1313,
        "mrr_at_10": 0.143629,
        "mrr_at_25": 0.152893,
        "mrr_at_50": 0.15629,
        "nauc_ndcg_at_1_max": 0.157077,
        "nauc_ndcg_at_1_std": -0.09941,
        "nauc_ndcg_at_1_diff1": 0.244433,
        "nauc_ndcg_at_5_max": 0.150351,
        "nauc_ndcg_at_5_std": -0.076569,
        "nauc_ndcg_at_5_diff1": 0.204261,
        "nauc_ndcg_at_10_max": 0.149233,
        "nauc_ndcg_at_10_std": -0.051502,
        "nauc_ndcg_at_10_diff1": 0.212415,
        "nauc_ndcg_at_25_max": 0.172334,
        "nauc_ndcg_at_25_std": -0.0425,
        "nauc_ndcg_at_25_diff1": 0.200407,
        "nauc_ndcg_at_50_max": 0.175524,
        "nauc_ndcg_at_50_std": -0.032733,
        "nauc_ndcg_at_50_diff1": 0.200657,
        "nauc_map_at_1_max": 0.157077,
        "nauc_map_at_1_std": -0.09941,
        "nauc_map_at_1_diff1": 0.244433,
        "nauc_map_at_5_max": 0.144792,
        "nauc_map_at_5_std": -0.082687,
        "nauc_map_at_5_diff1": 0.211693,
        "nauc_map_at_10_max": 0.144627,
        "nauc_map_at_10_std": -0.070379,
        "nauc_map_at_10_diff1": 0.216111,
        "nauc_map_at_25_max": 0.150788,
        "nauc_map_at_25_std": -0.067671,
        "nauc_map_at_25_diff1": 0.211371,
        "nauc_map_at_50_max": 0.151153,
        "nauc_map_at_50_std": -0.066128,
        "nauc_map_at_50_diff1": 0.210693,
        "nauc_recall_at_1_max": 0.157077,
        "nauc_recall_at_1_std": -0.09941,
        "nauc_recall_at_1_diff1": 0.244433,
        "nauc_recall_at_5_max": 0.163578,
        "nauc_recall_at_5_std": -0.063769,
        "nauc_recall_at_5_diff1": 0.189205,
        "nauc_recall_at_10_max": 0.158885,
        "nauc_recall_at_10_std": -0.011781,
        "nauc_recall_at_10_diff1": 0.206477,
        "nauc_recall_at_25_max": 0.227525,
        "nauc_recall_at_25_std": 0.013082,
        "nauc_recall_at_25_diff1": 0.177886,
        "nauc_recall_at_50_max": 0.246403,
        "nauc_recall_at_50_std": 0.056414,
        "nauc_recall_at_50_diff1": 0.182888,
        "nauc_precision_at_1_max": 0.157077,
        "nauc_precision_at_1_std": -0.09941,
        "nauc_precision_at_1_diff1": 0.244433,
        "nauc_precision_at_5_max": 0.163578,
        "nauc_precision_at_5_std": -0.063769,
        "nauc_precision_at_5_diff1": 0.189205,
        "nauc_precision_at_10_max": 0.158885,
        "nauc_precision_at_10_std": -0.011781,
        "nauc_precision_at_10_diff1": 0.206477,
        "nauc_precision_at_25_max": 0.227525,
        "nauc_precision_at_25_std": 0.013082,
        "nauc_precision_at_25_diff1": 0.177886,
        "nauc_precision_at_50_max": 0.246403,
        "nauc_precision_at_50_std": 0.056414,
        "nauc_precision_at_50_diff1": 0.182888,
        "nauc_mrr_at_1_max": 0.157077,
        "nauc_mrr_at_1_std": -0.09941,
        "nauc_mrr_at_1_diff1": 0.244433,
        "nauc_mrr_at_5_max": 0.144792,
        "nauc_mrr_at_5_std": -0.082687,
        "nauc_mrr_at_5_diff1": 0.211693,
        "nauc_mrr_at_10_max": 0.144627,
        "nauc_mrr_at_10_std": -0.070379,
        "nauc_mrr_at_10_diff1": 0.216111,
        "nauc_mrr_at_25_max": 0.150788,
        "nauc_mrr_at_25_std": -0.067671,
        "nauc_mrr_at_25_diff1": 0.211371,
        "nauc_mrr_at_50_max": 0.151153,
        "nauc_mrr_at_50_std": -0.066128,
        "nauc_mrr_at_50_diff1": 0.210693,
        "hit_rate_at_1": 0.08,
        "hit_rate_at_5": 0.222,
        "hit_rate_at_10": 0.316,
        "hit_rate_at_25": 0.464,
        "hit_rate_at_50": 0.584,
        "R_cap_at_1": 0.08,
        "R_cap_at_5": 0.222,
        "R_cap_at_10": 0.316,
        "R_cap_at_25": 0.464,
        "R_cap_at_50": 0.584,
        "main_score": 0.18401,
        "hf_subset": "gorilla_huggingface",
        "languages": [
          "eng-Latn"
        ]
      },
      {
        "ndcg_at_1": 0.06977,
        "ndcg_at_5": 0.15735,
        "ndcg_at_10": 0.21821,
        "ndcg_at_25": 0.30827,
        "ndcg_at_50": 0.34456,
        "map_at_1": 0.06977,
        "map_at_5": 0.12558,
        "map_at_10": 0.1511,
        "map_at_25": 0.17388,
        "map_at_50": 0.17938,
        "recall_at_1": 0.06977,
        "recall_at_5": 0.25581,
        "recall_at_10": 0.44186,
        "recall_at_25": 0.81395,
        "recall_at_50": 1.0,
        "accuracy": 0.06977,
        "precision_at_1": 0.06977,
        "precision_at_5": 0.05116,
        "precision_at_10": 0.04419,
        "precision_at_25": 0.03256,
        "precision_at_50": 0.02,
        "mrr_at_1": 0.069767,
        "mrr_at_5": 0.125581,
        "mrr_at_10": 0.151098,
        "mrr_at_25": 0.173878,
        "mrr_at_50": 0.179376,
        "nauc_ndcg_at_1_max": -0.055138,
        "nauc_ndcg_at_1_std": -0.254379,
        "nauc_ndcg_at_1_diff1": 0.058886,
        "nauc_ndcg_at_5_max": -0.227812,
        "nauc_ndcg_at_5_std": -0.259294,
        "nauc_ndcg_at_5_diff1": -0.00374,
        "nauc_ndcg_at_10_max": -0.143184,
        "nauc_ndcg_at_10_std": -0.288917,
        "nauc_ndcg_at_10_diff1": 0.201637,
        "nauc_ndcg_at_25_max": -0.21629,
        "nauc_ndcg_at_25_std": -0.25184,
        "nauc_ndcg_at_25_diff1": 0.072588,
        "nauc_ndcg_at_50_max": -0.181368,
        "nauc_ndcg_at_50_std": -0.276815,
        "nauc_ndcg_at_50_diff1": 0.089411,
        "nauc_map_at_1_max": -0.055138,
        "nauc_map_at_1_std": -0.254379,
        "nauc_map_at_1_diff1": 0.058886,
        "nauc_map_at_5_max": -0.193753,
        "nauc_map_at_5_std": -0.259902,
        "nauc_map_at_5_diff1": 0.013679,
        "nauc_map_at_10_max": -0.152992,
        "nauc_map_at_10_std": -0.27394,
        "nauc_map_at_10_diff1": 0.112441,
        "nauc_map_at_25_max": -0.175025,
        "nauc_map_at_25_std": -0.269414,
        "nauc_map_at_25_diff1": 0.075975,
        "nauc_map_at_50_max": -0.169822,
        "nauc_map_at_50_std": -0.273378,
        "nauc_map_at_50_diff1": 0.07775,
        "nauc_recall_at_1_max": -0.055138,
        "nauc_recall_at_1_std": -0.254379,
        "nauc_recall_at_1_diff1": 0.058886,
        "nauc_recall_at_5_max": -0.287321,
        "nauc_recall_at_5_std": -0.259365,
        "nauc_recall_at_5_diff1": -0.035079,
        "nauc_recall_at_10_max": -0.109946,
        "nauc_recall_at_10_std": -0.321274,
        "nauc_recall_at_10_diff1": 0.390278,
        "nauc_recall_at_25_max": -0.386416,
        "nauc_recall_at_25_std": -0.138192,
        "nauc_recall_at_25_diff1": -0.012838,
        "nauc_recall_at_50_max": NaN,
        "nauc_recall_at_50_std": NaN,
        "nauc_recall_at_50_diff1": NaN,
        "nauc_precision_at_1_max": -0.055138,
        "nauc_precision_at_1_std": -0.254379,
        "nauc_precision_at_1_diff1": 0.058886,
        "nauc_precision_at_5_max": -0.287321,
        "nauc_precision_at_5_std": -0.259365,
        "nauc_precision_at_5_diff1": -0.035079,
        "nauc_precision_at_10_max": -0.109946,
        "nauc_precision_at_10_std": -0.321274,
        "nauc_precision_at_10_diff1": 0.390278,
        "nauc_precision_at_25_max": -0.386416,
        "nauc_precision_at_25_std": -0.138192,
        "nauc_precision_at_25_diff1": -0.012838,
        "nauc_precision_at_50_max": 1.0,
        "nauc_precision_at_50_std": 1.0,
        "nauc_precision_at_50_diff1": 1.0,
        "nauc_mrr_at_1_max": -0.055138,