{
  "dataset_revision": "1.0",
  "task_name": "LMEB_SciFact",
  "mteb_version": "2.12.1",
  "scores": {
    "test": [
      {
        "ndcg_at_1": 0.5266,
        "ndcg_at_5": 0.6354,
        "ndcg_at_10": 0.69999,
        "ndcg_at_25": 0.72434,
        "ndcg_at_50": 0.7265,
        "map_at_1": 0.36884,
        "map_at_5": 0.54681,
        "map_at_10": 0.5919,
        "map_at_25": 0.60435,
        "map_at_50": 0.60522,
        "recall_at_1": 0.36884,
        "recall_at_5": 0.75023,
        "recall_at_10": 0.91366,
        "recall_at_25": 0.98464,
        "recall_at_50": 0.99126,
        "accuracy": 0.36884,
        "precision_at_1": 0.5266,
        "precision_at_5": 0.25851,
        "precision_at_10": 0.16649,
        "precision_at_25": 0.07574,
        "precision_at_50": 0.03862,
        "mrr_at_1": 0.526596,
        "mrr_at_5": 0.667287,
        "mrr_at_10": 0.677966,
        "mrr_at_25": 0.679055,
        "mrr_at_50": 0.679055,
        "nauc_ndcg_at_1_max": 0.130329,
        "nauc_ndcg_at_1_std": -0.079913,
        "nauc_ndcg_at_1_diff1": 0.515425,
        "nauc_ndcg_at_5_max": 0.125684,
        "nauc_ndcg_at_5_std": -0.117431,
        "nauc_ndcg_at_5_diff1": 0.491176,
        "nauc_ndcg_at_10_max": 0.117712,
        "nauc_ndcg_at_10_std": -0.103997,
        "nauc_ndcg_at_10_diff1": 0.478993,
        "nauc_ndcg_at_25_max": 0.121427,
        "nauc_ndcg_at_25_std": -0.093212,
        "nauc_ndcg_at_25_diff1": 0.479754,
        "nauc_ndcg_at_50_max": 0.127012,
        "nauc_ndcg_at_50_std": -0.085201,
        "nauc_ndcg_at_50_diff1": 0.475626,
        "nauc_map_at_1_max": 0.044731,
        "nauc_map_at_1_std": -0.019019,
        "nauc_map_at_1_diff1": 0.550314,
        "nauc_map_at_5_max": 0.081259,
        "nauc_map_at_5_std": -0.101534,
        "nauc_map_at_5_diff1": 0.507932,
        "nauc_map_at_10_max": 0.078933,
        "nauc_map_at_10_std": -0.100309,
        "nauc_map_at_10_diff1": 0.493623,
        "nauc_map_at_25_max": 0.082264,
        "nauc_map_at_25_std": -0.093605,
        "nauc_map_at_25_diff1": 0.489505,
        "nauc_map_at_50_max": 0.083676,
        "nauc_map_at_50_std": -0.091472,
        "nauc_map_at_50_diff1": 0.488344,
        "nauc_recall_at_1_max": 0.044731,
        "nauc_recall_at_1_std": -0.019019,
        "nauc_recall_at_1_diff1": 0.550314,
        "nauc_recall_at_5_max": 0.174508,
        "nauc_recall_at_5_std": -0.132663,
        "nauc_recall_at_5_diff1": 0.447821,
        "nauc_recall_at_10_max": 0.177308,
        "nauc_recall_at_10_std": -0.070157,
        "nauc_recall_at_10_diff1": 0.364224,
        "nauc_recall_at_25_max": 0.295578,
        "nauc_recall_at_25_std": -0.056354,
        "nauc_recall_at_25_diff1": 0.695997,
        "nauc_recall_at_50_max": 0.813147,
        "nauc_recall_at_50_std": 0.457416,
        "nauc_recall_at_50_diff1": 0.708382,
        "nauc_precision_at_1_max": 0.130329,
        "nauc_precision_at_1_std": -0.079913,
        "nauc_precision_at_1_diff1": 0.515425,
        "nauc_precision_at_5_max": 0.167399,
        "nauc_precision_at_5_std": -0.153747,
        "nauc_precision_at_5_diff1": -0.077145,
        "nauc_precision_at_10_max": 0.099708,
        "nauc_precision_at_10_std": -0.069993,
        "nauc_precision_at_10_diff1": -0.230695,
        "nauc_precision_at_25_max": 0.09197,
        "nauc_precision_at_25_std": -0.005703,
        "nauc_precision_at_25_diff1": -0.293307,
        "nauc_precision_at_50_max": 0.102586,
        "nauc_precision_at_50_std": 0.023206,
        "nauc_precision_at_50_diff1": -0.29871,
        "nauc_mrr_at_1_max": 0.130329,
        "nauc_mrr_at_1_std": -0.079913,
        "nauc_mrr_at_1_diff1": 0.515425,
        "nauc_mrr_at_5_max": 0.171412,
        "nauc_mrr_at_5_std": -0.09417,
        "nauc_mrr_at_5_diff1": 0.472168,
        "nauc_mrr_at_10_max": 0.156189,
        "nauc_mrr_at_10_std": -0.095147,
        "nauc_mrr_at_10_diff1": 0.474813,
        "nauc_mrr_at_25_max": 0.153432,
        "nauc_mrr_at_25_std": -0.097548,
        "nauc_mrr_at_25_diff1": 0.477662,
        "nauc_mrr_at_50_max": 0.153432,
        "nauc_mrr_at_50_std": -0.097548,
        "nauc_mrr_at_50_diff1": 0.477662,
        "hit_rate_at_1": 0.5266,
        "hit_rate_at_5": 0.90426,
        "hit_rate_at_10": 0.97872,
        "hit_rate_at_25": 0.99468,
        "hit_rate_at_50": 0.99468,
        "R_cap_at_1": 0.5266,
        "R_cap_at_5": 0.75488,
        "R_cap_at_10": 0.9141,
        "R_cap_at_25": 0.98464,
        "R_cap_at_50": 0.99126,
        "main_score": 0.69999,
        "hf_subset": "LMEB_SciFact",
        "languages": [
          "eng-Latn"
        ]
      }
    ]
  },
  "evaluation_time": 7.226025104522705,
  "kg_co2_emissions": null,
  "date": null
}