{
  "dataset_revision": "1.0",
  "task_name": "LooGLE",
  "mteb_version": "2.12.1",
  "scores": {
    "test": [
      {
        "ndcg_at_1": 0.30154,
        "ndcg_at_5": 0.30119,
        "ndcg_at_10": 0.35619,
        "ndcg_at_25": 0.4245,
        "ndcg_at_50": 0.46496,
        "map_at_1": 0.12535,
        "map_at_5": 0.22684,
        "map_at_10": 0.2565,
        "map_at_25": 0.28177,
        "map_at_50": 0.29245,
        "recall_at_1": 0.12535,
        "recall_at_5": 0.32817,
        "recall_at_10": 0.45382,
        "recall_at_25": 0.65487,
        "recall_at_50": 0.8022,
        "accuracy": 0.12535,
        "precision_at_1": 0.30154,
        "precision_at_5": 0.17021,
        "precision_at_10": 0.12207,
        "precision_at_25": 0.07371,
        "precision_at_50": 0.04643,
        "mrr_at_1": 0.301544,
        "mrr_at_5": 0.409673,
        "mrr_at_10": 0.427918,
        "mrr_at_25": 0.43824,
        "mrr_at_50": 0.440047,
        "nauc_ndcg_at_1_max": 0.089544,
        "nauc_ndcg_at_1_std": -0.056152,
        "nauc_ndcg_at_1_diff1": 0.333388,
        "nauc_ndcg_at_5_max": 0.095448,
        "nauc_ndcg_at_5_std": -0.065907,
        "nauc_ndcg_at_5_diff1": 0.286168,
        "nauc_ndcg_at_10_max": 0.094221,
        "nauc_ndcg_at_10_std": -0.074358,
        "nauc_ndcg_at_10_diff1": 0.287743,
        "nauc_ndcg_at_25_max": 0.115096,
        "nauc_ndcg_at_25_std": -0.056953,
        "nauc_ndcg_at_25_diff1": 0.289558,
        "nauc_ndcg_at_50_max": 0.126563,
        "nauc_ndcg_at_50_std": -0.072815,
        "nauc_ndcg_at_50_diff1": 0.290971,
        "nauc_map_at_1_max": 0.092042,
        "nauc_map_at_1_std": -0.052216,
        "nauc_map_at_1_diff1": 0.341021,
        "nauc_map_at_5_max": 0.08798,
        "nauc_map_at_5_std": -0.061728,
        "nauc_map_at_5_diff1": 0.297647,
        "nauc_map_at_10_max": 0.089955,
        "nauc_map_at_10_std": -0.0702,
        "nauc_map_at_10_diff1": 0.299518,
        "nauc_map_at_25_max": 0.097299,
        "nauc_map_at_25_std": -0.065901,
        "nauc_map_at_25_diff1": 0.301149,
        "nauc_map_at_50_max": 0.101456,
        "nauc_map_at_50_std": -0.069669,
        "nauc_map_at_50_diff1": 0.300849,
        "nauc_recall_at_1_max": 0.092042,
        "nauc_recall_at_1_std": -0.052216,
        "nauc_recall_at_1_diff1": 0.341021,
        "nauc_recall_at_5_max": 0.089447,
        "nauc_recall_at_5_std": -0.052581,
        "nauc_recall_at_5_diff1": 0.234922,
        "nauc_recall_at_10_max": 0.075858,
        "nauc_recall_at_10_std": -0.060426,
        "nauc_recall_at_10_diff1": 0.220848,
        "nauc_recall_at_25_max": 0.129193,
        "nauc_recall_at_25_std": 0.01776,
        "nauc_recall_at_25_diff1": 0.203032,
        "nauc_recall_at_50_max": 0.194634,
        "nauc_recall_at_50_std": -0.024566,
        "nauc_recall_at_50_diff1": 0.193244,
        "nauc_precision_at_1_max": 0.089544,
        "nauc_precision_at_1_std": -0.056152,
        "nauc_precision_at_1_diff1": 0.333388,
        "nauc_precision_at_5_max": 0.085919,
        "nauc_precision_at_5_std": -0.08743,
        "nauc_precision_at_5_diff1": 0.211243,
        "nauc_precision_at_10_max": 0.078911,
        "nauc_precision_at_10_std": -0.105041,
        "nauc_precision_at_10_diff1": 0.190682,
        "nauc_precision_at_25_max": 0.106443,
        "nauc_precision_at_25_std": -0.065775,
        "nauc_precision_at_25_diff1": 0.109107,
        "nauc_precision_at_50_max": 0.105202,
        "nauc_precision_at_50_std": -0.099925,
        "nauc_precision_at_50_diff1": 0.038014,
        "nauc_mrr_at_1_max": 0.089544,
        "nauc_mrr_at_1_std": -0.056152,
        "nauc_mrr_at_1_diff1": 0.333388,
        "nauc_mrr_at_5_max": 0.105122,
        "nauc_mrr_at_5_std": -0.069869,
        "nauc_mrr_at_5_diff1": 0.293865,
        "nauc_mrr_at_10_max": 0.103965,
        "nauc_mrr_at_10_std": -0.072051,
        "nauc_mrr_at_10_diff1": 0.298422,
        "nauc_mrr_at_25_max": 0.106558,
        "nauc_mrr_at_25_std": -0.068312,
        "nauc_mrr_at_25_diff1": 0.297146,
        "nauc_mrr_at_50_max": 0.105806,
        "nauc_mrr_at_50_std": -0.069021,
        "nauc_mrr_at_50_diff1": 0.297978,
        "hit_rate_at_1": 0.30154,
        "hit_rate_at_5": 0.60127,
        "hit_rate_at_10": 0.73388,
        "hit_rate_at_25": 0.89192,
        "hit_rate_at_50": 0.95277,
        "R_cap_at_1": 0.30154,
        "R_cap_at_5": 0.33015,
        "R_cap_at_10": 0.45407,
        "R_cap_at_25": 0.65487,
        "R_cap_at_50": 0.8022,
        "main_score": 0.35619,
        "hf_subset": "LongDepQA",
        "languages": [
          "eng-Latn"
        ]
      },
      {
        "ndcg_at_1": 0.44336,
        "ndcg_at_5": 0.58783,
        "ndcg_at_10": 0.61764,
        "ndcg_at_25": 0.64117,
        "ndcg_at_50": 0.65305,
        "map_at_1": 0.44336,
        "map_at_5": 0.54551,
        "map_at_10": 0.55789,
        "map_at_25": 0.56401,
        "map_at_50": 0.56578,
        "recall_at_1": 0.44336,
        "recall_at_5": 0.71502,
        "recall_at_10": 0.80677,
        "recall_at_25": 0.90261,
        "recall_at_50": 0.96412,
        "accuracy": 0.44336,
        "precision_at_1": 0.44336,
        "precision_at_5": 0.143,
        "precision_at_10": 0.08068,
        "precision_at_25": 0.0361,
        "precision_at_50": 0.01928,
        "mrr_at_1": 0.443362,
        "mrr_at_5": 0.545507,
        "mrr_at_10": 0.557888,
        "mrr_at_25": 0.564014,
        "mrr_at_50": 0.565777,
        "nauc_ndcg_at_1_max": 0.062203,
        "nauc_ndcg_at_1_std": 0.054379,
        "nauc_ndcg_at_1_diff1": 0.554578,
        "nauc_ndcg_at_5_max": 0.059361,
        "nauc_ndcg_at_5_std": 0.089213,
        "nauc_ndcg_at_5_diff1": 0.502993,
        "nauc_ndcg_at_10_max": 0.076312,
        "nauc_ndcg_at_10_std": 0.094864,
        "nauc_ndcg_at_10_diff1": 0.504966,
        "nauc_ndcg_at_25_max": 0.074481,
        "nauc_ndcg_at_25_std": 0.086432,
        "nauc_ndcg_at_25_diff1": 0.508151,
        "nauc_ndcg_at_50_max": 0.074626,
        "nauc_ndcg_at_50_std": 0.087142,
        "nauc_ndcg_at_50_diff1": 0.512841,
        "nauc_map_at_1_max": 0.062203,
        "nauc_map_at_1_std": 0.054379,
        "nauc_map_at_1_diff1": 0.554578,
        "nauc_map_at_5_max": 0.059966,
        "nauc_map_at_5_std": 0.075316,
        "nauc_map_at_5_diff1": 0.516646,
        "nauc_map_at_10_max": 0.066732,
        "nauc_map_at_10_std": 0.076964,
        "nauc_map_at_10_diff1": 0.518051,
        "nauc_map_at_25_max": 0.066423,
        "nauc_map_at_25_std": 0.07494,
        "nauc_map_at_25_diff1": 0.519017,
        "nauc_map_at_50_max": 0.066367,
        "nauc_map_at_50_std": 0.075068,
        "nauc_map_at_50_diff1": 0.519593,
        "nauc_recall_at_1_max": 0.062203,
        "nauc_recall_at_1_std": 0.054379,
        "nauc_recall_at_1_diff1": 0.554578,
        "nauc_recall_at_5_max": 0.057748,
        "nauc_recall_at_5_std": 0.14504,
        "nauc_recall_at_5_diff1": 0.452137,
        "nauc_recall_at_10_max": 0.134531,
        "nauc_recall_at_10_std": 0.193426,
        "nauc_recall_at_10_diff1": 0.440323,
        "nauc_recall_at_25_max": 0.157594,
        "nauc_recall_at_25_std": 0.181905,
        "nauc_recall_at_25_diff1": 0.419062,
        "nauc_recall_at_50_max": 0.307597,
        "nauc_recall_at_50_std": 0.358493,
        "nauc_recall_at_50_diff1": 0.440869,
        "nauc_precision_at_1_max": 0.062203,
        "nauc_precision_at_1_std": 0.054379,
        "nauc_precision_at_1_diff1": 0.554578,
        "nauc_precision_at_5_max": 0.057748,
        "nauc_precision_at_5_std": 0.14504,
        "nauc_precision_at_5_diff1": 0.452137,
        "nauc_precision_at_10_max": 0.134531,
        "nauc_precision_at_10_std": 0.193426,
        "nauc_precision_at_10_diff1": 0.440323,
        "nauc_precision_at_25_max": 0.157594,
        "nauc_precision_at_25_std": 0.181905,
        "nauc_precision_at_25_diff1": 0.419062,
        "nauc_precision_at_50_max": 0.307597,
        "nauc_precision_at_50_std": 0.358493,
        "nauc_precision_at_50_diff1": 0.440869,