{
  "dataset_revision": "1.0",
  "task_name": "MLDR",
  "mteb_version": "2.12.1",
  "scores": {
    "test": [
      {
        "ndcg_at_1": 0.46,
        "ndcg_at_5": 0.69857,
        "ndcg_at_10": 0.72749,
        "ndcg_at_25": 0.73578,
        "ndcg_at_50": 0.73578,
        "map_at_1": 0.46,
        "map_at_5": 0.63683,
        "map_at_10": 0.64865,
        "map_at_25": 0.6513,
        "map_at_50": 0.6513,
        "recall_at_1": 0.46,
        "recall_at_5": 0.88,
        "recall_at_10": 0.97,
        "recall_at_25": 1.0,
        "recall_at_50": 1.0,
        "accuracy": 0.46,
        "precision_at_1": 0.46,
        "precision_at_5": 0.176,
        "precision_at_10": 0.097,
        "precision_at_25": 0.04,
        "precision_at_50": 0.02,
        "mrr_at_1": 0.46,
        "mrr_at_5": 0.636833,
        "mrr_at_10": 0.648647,
        "mrr_at_25": 0.651298,
        "mrr_at_50": 0.651298,
        "nauc_ndcg_at_1_max": 0.215172,
        "nauc_ndcg_at_1_std": 0.201729,
        "nauc_ndcg_at_1_diff1": 0.399372,
        "nauc_ndcg_at_5_max": 0.219568,
        "nauc_ndcg_at_5_std": 0.237651,
        "nauc_ndcg_at_5_diff1": 0.424019,
        "nauc_ndcg_at_10_max": 0.223125,
        "nauc_ndcg_at_10_std": 0.223049,
        "nauc_ndcg_at_10_diff1": 0.403232,
        "nauc_ndcg_at_25_max": 0.223945,
        "nauc_ndcg_at_25_std": 0.209681,
        "nauc_ndcg_at_25_diff1": 0.413368,
        "nauc_ndcg_at_50_max": 0.223945,
        "nauc_ndcg_at_50_std": 0.209681,
        "nauc_ndcg_at_50_diff1": 0.413368,
        "nauc_map_at_1_max": 0.215172,
        "nauc_map_at_1_std": 0.201729,
        "nauc_map_at_1_diff1": 0.399372,
        "nauc_map_at_5_max": 0.223203,
        "nauc_map_at_5_std": 0.217351,
        "nauc_map_at_5_diff1": 0.416521,
        "nauc_map_at_10_max": 0.224233,
        "nauc_map_at_10_std": 0.211288,
        "nauc_map_at_10_diff1": 0.409617,
        "nauc_map_at_25_max": 0.224187,
        "nauc_map_at_25_std": 0.20786,
        "nauc_map_at_25_diff1": 0.4122,
        "nauc_map_at_50_max": 0.224187,
        "nauc_map_at_50_std": 0.20786,
        "nauc_map_at_50_diff1": 0.4122,
        "nauc_recall_at_1_max": 0.215172,
        "nauc_recall_at_1_std": 0.201729,
        "nauc_recall_at_1_diff1": 0.399372,
        "nauc_recall_at_5_max": 0.19098,
        "nauc_recall_at_5_std": 0.383909,
        "nauc_recall_at_5_diff1": 0.470768,
        "nauc_recall_at_10_max": 0.190165,
        "nauc_recall_at_10_std": 0.528478,
        "nauc_recall_at_10_diff1": 0.172269,
        "nauc_recall_at_25_max": NaN,
        "nauc_recall_at_25_std": NaN,
        "nauc_recall_at_25_diff1": NaN,
        "nauc_recall_at_50_max": NaN,
        "nauc_recall_at_50_std": NaN,
        "nauc_recall_at_50_diff1": NaN,
        "nauc_precision_at_1_max": 0.215172,
        "nauc_precision_at_1_std": 0.201729,
        "nauc_precision_at_1_diff1": 0.399372,
        "nauc_precision_at_5_max": 0.19098,
        "nauc_precision_at_5_std": 0.383909,
        "nauc_precision_at_5_diff1": 0.470768,
        "nauc_precision_at_10_max": 0.190165,
        "nauc_precision_at_10_std": 0.528478,
        "nauc_precision_at_10_diff1": 0.172269,
        "nauc_precision_at_25_max": NaN,
        "nauc_precision_at_25_std": NaN,
        "nauc_precision_at_25_diff1": NaN,
        "nauc_precision_at_50_max": NaN,
        "nauc_precision_at_50_std": NaN,
        "nauc_precision_at_50_diff1": NaN,
        "nauc_mrr_at_1_max": 0.215172,
        "nauc_mrr_at_1_std": 0.201729,
        "nauc_mrr_at_1_diff1": 0.399372,
        "nauc_mrr_at_5_max": 0.223203,
        "nauc_mrr_at_5_std": 0.217351,
        "nauc_mrr_at_5_diff1": 0.416521,
        "nauc_mrr_at_10_max": 0.224233,
        "nauc_mrr_at_10_std": 0.211288,
        "nauc_mrr_at_10_diff1": 0.409617,
        "nauc_mrr_at_25_max": 0.224187,
        "nauc_mrr_at_25_std": 0.20786,
        "nauc_mrr_at_25_diff1": 0.4122,
        "nauc_mrr_at_50_max": 0.224187,
        "nauc_mrr_at_50_std": 0.20786,
        "nauc_mrr_at_50_diff1": 0.4122,
        "hit_rate_at_1": 0.46,
        "hit_rate_at_5": 0.88,
        "hit_rate_at_10": 0.97,
        "hit_rate_at_25": 1.0,
        "hit_rate_at_50": 1.0,
        "R_cap_at_1": 0.46,
        "R_cap_at_5": 0.88,
        "R_cap_at_10": 0.97,
        "R_cap_at_25": 1.0,
        "R_cap_at_50": 1.0,
        "main_score": 0.72749,
        "hf_subset": "MLDR",
        "languages": [
          "eng-Latn"
        ]
      }
    ]
  },
  "evaluation_time": 13.63972520828247,
  "kg_co2_emissions": null,
  "date": null
}