{
  "dataset_revision": "1.0",
  "task_name": "PeerQA",
  "mteb_version": "2.12.1",
  "scores": {
    "test": [
      {
        "ndcg_at_1": 0.18382,
        "ndcg_at_5": 0.21469,
        "ndcg_at_10": 0.27021,
        "ndcg_at_25": 0.31801,
        "ndcg_at_50": 0.35633,
        "map_at_1": 0.11331,
        "map_at_5": 0.17049,
        "map_at_10": 0.19652,
        "map_at_25": 0.21291,
        "map_at_50": 0.22158,
        "recall_at_1": 0.11331,
        "recall_at_5": 0.24652,
        "recall_at_10": 0.38051,
        "recall_at_25": 0.52293,
        "recall_at_50": 0.67248,
        "accuracy": 0.11331,
        "precision_at_1": 0.18382,
        "precision_at_5": 0.09853,
        "precision_at_10": 0.08603,
        "precision_at_25": 0.05265,
        "precision_at_50": 0.03471,
        "mrr_at_1": 0.183824,
        "mrr_at_5": 0.263848,
        "mrr_at_10": 0.290342,
        "mrr_at_25": 0.2987,
        "mrr_at_50": 0.301567,
        "nauc_ndcg_at_1_max": -0.065085,
        "nauc_ndcg_at_1_std": -0.204242,
        "nauc_ndcg_at_1_diff1": 0.325336,
        "nauc_ndcg_at_5_max": -0.102121,
        "nauc_ndcg_at_5_std": -0.213908,
        "nauc_ndcg_at_5_diff1": 0.264756,
        "nauc_ndcg_at_10_max": -0.050418,
        "nauc_ndcg_at_10_std": -0.197717,
        "nauc_ndcg_at_10_diff1": 0.232106,
        "nauc_ndcg_at_25_max": -0.019696,
        "nauc_ndcg_at_25_std": -0.165739,
        "nauc_ndcg_at_25_diff1": 0.225289,
        "nauc_ndcg_at_50_max": -0.014917,
        "nauc_ndcg_at_50_std": -0.143301,
        "nauc_ndcg_at_50_diff1": 0.213947,
        "nauc_map_at_1_max": -0.090769,
        "nauc_map_at_1_std": -0.243384,
        "nauc_map_at_1_diff1": 0.427231,
        "nauc_map_at_5_max": -0.103217,
        "nauc_map_at_5_std": -0.220426,
        "nauc_map_at_5_diff1": 0.318321,
        "nauc_map_at_10_max": -0.069743,
        "nauc_map_at_10_std": -0.212495,
        "nauc_map_at_10_diff1": 0.291681,
        "nauc_map_at_25_max": -0.054084,
        "nauc_map_at_25_std": -0.199665,
        "nauc_map_at_25_diff1": 0.293709,
        "nauc_map_at_50_max": -0.05092,
        "nauc_map_at_50_std": -0.193247,
        "nauc_map_at_50_diff1": 0.290077,
        "nauc_recall_at_1_max": -0.090769,
        "nauc_recall_at_1_std": -0.243384,
        "nauc_recall_at_1_diff1": 0.427231,
        "nauc_recall_at_5_max": -0.114187,
        "nauc_recall_at_5_std": -0.209353,
        "nauc_recall_at_5_diff1": 0.216064,
        "nauc_recall_at_10_max": -0.033267,
        "nauc_recall_at_10_std": -0.177642,
        "nauc_recall_at_10_diff1": 0.132849,
        "nauc_recall_at_25_max": 0.014286,
        "nauc_recall_at_25_std": -0.096127,
        "nauc_recall_at_25_diff1": 0.09513,
        "nauc_recall_at_50_max": 0.031571,
        "nauc_recall_at_50_std": -0.008253,
        "nauc_recall_at_50_diff1": 0.039763,
        "nauc_precision_at_1_max": -0.065085,
        "nauc_precision_at_1_std": -0.204242,
        "nauc_precision_at_1_diff1": 0.325336,
        "nauc_precision_at_5_max": -0.095164,
        "nauc_precision_at_5_std": -0.214004,
        "nauc_precision_at_5_diff1": 0.031916,
        "nauc_precision_at_10_max": 0.111774,
        "nauc_precision_at_10_std": -0.101025,
        "nauc_precision_at_10_diff1": 0.024095,
        "nauc_precision_at_25_max": 0.234505,
        "nauc_precision_at_25_std": 0.059188,
        "nauc_precision_at_25_diff1": 0.001119,
        "nauc_precision_at_50_max": 0.231172,
        "nauc_precision_at_50_std": 0.130714,
        "nauc_precision_at_50_diff1": -0.064107,
        "nauc_mrr_at_1_max": -0.065085,
        "nauc_mrr_at_1_std": -0.204242,
        "nauc_mrr_at_1_diff1": 0.325336,
        "nauc_mrr_at_5_max": -0.082404,
        "nauc_mrr_at_5_std": -0.174925,
        "nauc_mrr_at_5_diff1": 0.225154,
        "nauc_mrr_at_10_max": -0.065851,
        "nauc_mrr_at_10_std": -0.174935,
        "nauc_mrr_at_10_diff1": 0.225622,
        "nauc_mrr_at_25_max": -0.065448,
        "nauc_mrr_at_25_std": -0.17142,
        "nauc_mrr_at_25_diff1": 0.219429,
        "nauc_mrr_at_50_max": -0.067615,
        "nauc_mrr_at_50_std": -0.171896,
        "nauc_mrr_at_50_diff1": 0.219817,
        "hit_rate_at_1": 0.18382,
        "hit_rate_at_5": 0.40441,
        "hit_rate_at_10": 0.60294,
        "hit_rate_at_25": 0.73529,
        "hit_rate_at_50": 0.83088,
        "R_cap_at_1": 0.18382,
        "R_cap_at_5": 0.24816,
        "R_cap_at_10": 0.38068,
        "R_cap_at_25": 0.52293,
        "R_cap_at_50": 0.67248,
        "main_score": 0.27021,
        "hf_subset": "PeerQA",
        "languages": [
          "eng-Latn"
        ]
      }
    ]
  },
  "evaluation_time": 46.15670394897461,
  "kg_co2_emissions": null,
  "date": null
}