{
  "dataset_revision": "1.0",
  "task_name": "Proced_mem_bench",
  "mteb_version": "2.12.1",
  "scores": {
    "test": [
      {
        "ndcg_at_1": 0.26667,
        "ndcg_at_5": 0.34261,
        "ndcg_at_10": 0.30478,
        "ndcg_at_25": 0.37706,
        "ndcg_at_50": 0.47802,
        "map_at_1": 0.0155,
        "map_at_5": 0.08455,
        "map_at_10": 0.11148,
        "map_at_25": 0.21062,
        "map_at_50": 0.27326,
        "recall_at_1": 0.0155,
        "recall_at_5": 0.12439,
        "recall_at_10": 0.18792,
        "recall_at_25": 0.4447,
        "recall_at_50": 0.64712,
        "accuracy": 0.0155,
        "precision_at_1": 0.26667,
        "precision_at_5": 0.33333,
        "precision_at_10": 0.27333,
        "precision_at_25": 0.26133,
        "precision_at_50": 0.204,
        "mrr_at_1": 0.266667,
        "mrr_at_5": 0.424444,
        "mrr_at_10": 0.440635,
        "mrr_at_25": 0.444339,
        "mrr_at_50": 0.444339,
        "nauc_ndcg_at_1_max": 0.01468,
        "nauc_ndcg_at_1_std": 0.37166,
        "nauc_ndcg_at_1_diff1": 0.429368,
        "nauc_ndcg_at_5_max": -0.114499,
        "nauc_ndcg_at_5_std": 0.222347,
        "nauc_ndcg_at_5_diff1": 0.591708,
        "nauc_ndcg_at_10_max": -0.199232,
        "nauc_ndcg_at_10_std": 0.016165,
        "nauc_ndcg_at_10_diff1": 0.587489,
        "nauc_ndcg_at_25_max": -0.303311,
        "nauc_ndcg_at_25_std": -0.229641,
        "nauc_ndcg_at_25_diff1": 0.505925,
        "nauc_ndcg_at_50_max": -0.208789,
        "nauc_ndcg_at_50_std": -0.169254,
        "nauc_ndcg_at_50_diff1": 0.583414,
        "nauc_map_at_1_max": 0.070608,
        "nauc_map_at_1_std": 0.34376,
        "nauc_map_at_1_diff1": 0.561544,
        "nauc_map_at_5_max": -0.106654,
        "nauc_map_at_5_std": 0.197609,
        "nauc_map_at_5_diff1": 0.538797,
        "nauc_map_at_10_max": -0.168975,
        "nauc_map_at_10_std": 0.048684,
        "nauc_map_at_10_diff1": 0.605842,
        "nauc_map_at_25_max": -0.306855,
        "nauc_map_at_25_std": -0.223508,
        "nauc_map_at_25_diff1": 0.443812,
        "nauc_map_at_50_max": -0.240389,
        "nauc_map_at_50_std": -0.248282,
        "nauc_map_at_50_diff1": 0.438677,
        "nauc_recall_at_1_max": 0.070608,
        "nauc_recall_at_1_std": 0.34376,
        "nauc_recall_at_1_diff1": 0.561544,
        "nauc_recall_at_5_max": -0.159689,
        "nauc_recall_at_5_std": 0.030508,
        "nauc_recall_at_5_diff1": 0.409767,
        "nauc_recall_at_10_max": -0.221255,
        "nauc_recall_at_10_std": -0.197167,
        "nauc_recall_at_10_diff1": 0.411237,
        "nauc_recall_at_25_max": -0.376165,
        "nauc_recall_at_25_std": -0.44068,
        "nauc_recall_at_25_diff1": 0.283871,
        "nauc_recall_at_50_max": -0.257982,
        "nauc_recall_at_50_std": -0.376059,
        "nauc_recall_at_50_diff1": 0.454966,
        "nauc_precision_at_1_max": 0.01468,
        "nauc_precision_at_1_std": 0.37166,
        "nauc_precision_at_1_diff1": 0.429368,
        "nauc_precision_at_5_max": -0.128511,
        "nauc_precision_at_5_std": 0.14087,
        "nauc_precision_at_5_diff1": 0.658865,
        "nauc_precision_at_10_max": -0.18563,
        "nauc_precision_at_10_std": -0.170257,
        "nauc_precision_at_10_diff1": 0.500805,
        "nauc_precision_at_25_max": -0.230825,
        "nauc_precision_at_25_std": -0.300656,
        "nauc_precision_at_25_diff1": 0.274971,
        "nauc_precision_at_50_max": -0.118585,
        "nauc_precision_at_50_std": -0.195958,
        "nauc_precision_at_50_diff1": 0.255857,
        "nauc_mrr_at_1_max": 0.01468,
        "nauc_mrr_at_1_std": 0.37166,
        "nauc_mrr_at_1_diff1": 0.429368,
        "nauc_mrr_at_5_max": -0.037602,
        "nauc_mrr_at_5_std": 0.291114,
        "nauc_mrr_at_5_diff1": 0.540967,
        "nauc_mrr_at_10_max": -0.046803,
        "nauc_mrr_at_10_std": 0.285379,
        "nauc_mrr_at_10_diff1": 0.529651,
        "nauc_mrr_at_25_max": -0.058812,
        "nauc_mrr_at_25_std": 0.276684,
        "nauc_mrr_at_25_diff1": 0.537261,
        "nauc_mrr_at_50_max": -0.058812,
        "nauc_mrr_at_50_std": 0.276684,
        "nauc_mrr_at_50_diff1": 0.537261,
        "hit_rate_at_1": 0.26667,
        "hit_rate_at_5": 0.66667,
        "hit_rate_at_10": 0.8,
        "hit_rate_at_25": 0.86667,
        "hit_rate_at_50": 0.86667,
        "R_cap_at_1": 0.26667,
        "R_cap_at_5": 0.35333,
        "R_cap_at_10": 0.3,
        "R_cap_at_25": 0.45048,
        "R_cap_at_50": 0.64712,
        "main_score": 0.30478,
        "hf_subset": "easy",
        "languages": [
          "eng-Latn"
        ]
      },
      {
        "ndcg_at_1": 0.35714,
        "ndcg_at_5": 0.33734,
        "ndcg_at_10": 0.36404,
        "ndcg_at_25": 0.47534,
        "ndcg_at_50": 0.56259,
        "map_at_1": 0.02446,
        "map_at_5": 0.09523,
        "map_at_10": 0.1799,
        "map_at_25": 0.29597,
        "map_at_50": 0.34787,
        "recall_at_1": 0.02446,
        "recall_at_5": 0.12716,
        "recall_at_10": 0.27593,
        "recall_at_25": 0.62448,
        "recall_at_50": 0.80532,
        "accuracy": 0.02446,
        "precision_at_1": 0.35714,
        "precision_at_5": 0.32857,
        "precision_at_10": 0.35714,
        "precision_at_25": 0.28857,
        "precision_at_50": 0.20857,
        "mrr_at_1": 0.357143,
        "mrr_at_5": 0.440476,
        "mrr_at_10": 0.464286,
        "mrr_at_25": 0.485332,
        "mrr_at_50": 0.485332,
        "nauc_ndcg_at_1_max": 0.789846,
        "nauc_ndcg_at_1_std": 0.623984,
        "nauc_ndcg_at_1_diff1": -0.020188,
        "nauc_ndcg_at_5_max": 0.46782,
        "nauc_ndcg_at_5_std": 0.337213,
        "nauc_ndcg_at_5_diff1": -0.096561,
        "nauc_ndcg_at_10_max": 0.497033,
        "nauc_ndcg_at_10_std": 0.353489,
        "nauc_ndcg_at_10_diff1": -0.03614,
        "nauc_ndcg_at_25_max": 0.257162,
        "nauc_ndcg_at_25_std": 0.104401,
        "nauc_ndcg_at_25_diff1": 0.225077,
        "nauc_ndcg_at_50_max": 0.378942,
        "nauc_ndcg_at_50_std": 0.272202,
        "nauc_ndcg_at_50_diff1": 0.130806,
        "nauc_map_at_1_max": 0.515289,
        "nauc_map_at_1_std": 0.287593,
        "nauc_map_at_1_diff1": 0.181598,
        "nauc_map_at_5_max": 0.198634,
        "nauc_map_at_5_std": 0.073196,
        "nauc_map_at_5_diff1": 0.080508,
        "nauc_map_at_10_max": 0.254806,
        "nauc_map_at_10_std": 0.082095,
        "nauc_map_at_10_diff1": 0.131492,
        "nauc_map_at_25_max": 0.217592,
        "nauc_map_at_25_std": 0.064607,
        "nauc_map_at_25_diff1": 0.197722,
        "nauc_map_at_50_max": 0.325982,
        "nauc_map_at_50_std": 0.1872,
        "nauc_map_at_50_diff1": 0.11929,
        "nauc_recall_at_1_max": 0.515289,
        "nauc_recall_at_1_std": 0.287593,
        "nauc_recall_at_1_diff1": 0.181598,
        "nauc_recall_at_5_max": 0.02911,
        "nauc_recall_at_5_std": -0.138014,
        "nauc_recall_at_5_diff1": 0.018593,
        "nauc_recall_at_10_max": 0.122426,
        "nauc_recall_at_10_std": -0.067457,
        "nauc_recall_at_10_diff1": 0.152846,
        "nauc_recall_at_25_max": -0.144935,
        "nauc_recall_at_25_std": -0.373739,
        "nauc_recall_at_25_diff1": 0.399823,
        "nauc_recall_at_50_max": 0.023769,
        "nauc_recall_at_50_std": -0.169516,
        "nauc_recall_at_50_diff1": 0.317402,
        "nauc_precision_at_1_max": 0.789846,
        "nauc_precision_at_1_std": 0.623984,
        "nauc_precision_at_1_diff1": -0.020188,
        "nauc_precision_at_5_max": 0.348934,
        "nauc_precision_at_5_std": 0.196566,
        "nauc_precision_at_5_diff1": -0.083844,
        "nauc_precision_at_10_max": 0.464082,
        "nauc_precision_at_10_std": 0.318035,
        "nauc_precision_at_10_diff1": -0.008224,
        "nauc_precision_at_25_max": 0.442471,
        "nauc_precision_at_25_std": 0.40025,
        "nauc_precision_at_25_diff1": 0.118294,
        "nauc_precision_at_50_max": 0.574001,
        "nauc_precision_at_50_std": 0.606396,
        "nauc_precision_at_50_diff1": -0.10715,