{
  "dataset_revision": "1.0",
  "task_name": "QASPER",
  "mteb_version": "2.12.1",
  "scores": {
    "test": [
      {
        "ndcg_at_1": 0.23895,
        "ndcg_at_5": 0.3584,
        "ndcg_at_10": 0.42091,
        "ndcg_at_25": 0.48358,
        "ndcg_at_50": 0.50792,
        "map_at_1": 0.1735,
        "map_at_5": 0.29567,
        "map_at_10": 0.32798,
        "map_at_25": 0.34921,
        "map_at_50": 0.35518,
        "recall_at_1": 0.1735,
        "recall_at_5": 0.47054,
        "recall_at_10": 0.64823,
        "recall_at_25": 0.87298,
        "recall_at_50": 0.97459,
        "accuracy": 0.1735,
        "precision_at_1": 0.23895,
        "precision_at_5": 0.14022,
        "precision_at_10": 0.10082,
        "precision_at_25": 0.05684,
        "precision_at_50": 0.03314,
        "mrr_at_1": 0.238951,
        "mrr_at_5": 0.354994,
        "mrr_at_10": 0.378012,
        "mrr_at_25": 0.389916,
        "mrr_at_50": 0.392028,
        "nauc_ndcg_at_1_max": 0.061647,
        "nauc_ndcg_at_1_std": 0.027567,
        "nauc_ndcg_at_1_diff1": 0.234099,
        "nauc_ndcg_at_5_max": 0.061697,
        "nauc_ndcg_at_5_std": 0.043865,
        "nauc_ndcg_at_5_diff1": 0.196232,
        "nauc_ndcg_at_10_max": 0.065694,
        "nauc_ndcg_at_10_std": 0.05203,
        "nauc_ndcg_at_10_diff1": 0.198917,
        "nauc_ndcg_at_25_max": 0.064,
        "nauc_ndcg_at_25_std": 0.049978,
        "nauc_ndcg_at_25_diff1": 0.198881,
        "nauc_ndcg_at_50_max": 0.068945,
        "nauc_ndcg_at_50_std": 0.048848,
        "nauc_ndcg_at_50_diff1": 0.199284,
        "nauc_map_at_1_max": 0.020805,
        "nauc_map_at_1_std": 0.000381,
        "nauc_map_at_1_diff1": 0.240797,
        "nauc_map_at_5_max": 0.044129,
        "nauc_map_at_5_std": 0.029818,
        "nauc_map_at_5_diff1": 0.203801,
        "nauc_map_at_10_max": 0.051481,
        "nauc_map_at_10_std": 0.03779,
        "nauc_map_at_10_diff1": 0.205752,
        "nauc_map_at_25_max": 0.0537,
        "nauc_map_at_25_std": 0.037949,
        "nauc_map_at_25_diff1": 0.20441,
        "nauc_map_at_50_max": 0.056598,
        "nauc_map_at_50_std": 0.039529,
        "nauc_map_at_50_diff1": 0.203595,
        "nauc_recall_at_1_max": 0.020805,
        "nauc_recall_at_1_std": 0.000381,
        "nauc_recall_at_1_diff1": 0.240797,
        "nauc_recall_at_5_max": 0.056868,
        "nauc_recall_at_5_std": 0.054911,
        "nauc_recall_at_5_diff1": 0.161254,
        "nauc_recall_at_10_max": 0.07227,
        "nauc_recall_at_10_std": 0.081009,
        "nauc_recall_at_10_diff1": 0.165098,
        "nauc_recall_at_25_max": 0.035426,
        "nauc_recall_at_25_std": 0.088289,
        "nauc_recall_at_25_diff1": 0.167027,
        "nauc_recall_at_50_max": 0.012727,
        "nauc_recall_at_50_std": 0.060696,
        "nauc_recall_at_50_diff1": 0.175028,
        "nauc_precision_at_1_max": 0.061647,
        "nauc_precision_at_1_std": 0.027567,
        "nauc_precision_at_1_diff1": 0.234099,
        "nauc_precision_at_5_max": 0.109205,
        "nauc_precision_at_5_std": 0.078389,
        "nauc_precision_at_5_diff1": 0.128658,
        "nauc_precision_at_10_max": 0.130845,
        "nauc_precision_at_10_std": 0.095726,
        "nauc_precision_at_10_diff1": 0.101239,
        "nauc_precision_at_25_max": 0.123141,
        "nauc_precision_at_25_std": 0.077253,
        "nauc_precision_at_25_diff1": 0.017614,
        "nauc_precision_at_50_max": 0.136563,
        "nauc_precision_at_50_std": 0.083003,
        "nauc_precision_at_50_diff1": -0.018088,
        "nauc_mrr_at_1_max": 0.061647,
        "nauc_mrr_at_1_std": 0.027567,
        "nauc_mrr_at_1_diff1": 0.234099,
        "nauc_mrr_at_5_max": 0.074754,
        "nauc_mrr_at_5_std": 0.044109,
        "nauc_mrr_at_5_diff1": 0.204749,
        "nauc_mrr_at_10_max": 0.07633,
        "nauc_mrr_at_10_std": 0.046359,
        "nauc_mrr_at_10_diff1": 0.20606,
        "nauc_mrr_at_25_max": 0.075268,
        "nauc_mrr_at_25_std": 0.046257,
        "nauc_mrr_at_25_diff1": 0.206829,
        "nauc_mrr_at_50_max": 0.075209,
        "nauc_mrr_at_50_std": 0.045287,
        "nauc_mrr_at_50_diff1": 0.207303,
        "hit_rate_at_1": 0.23895,
        "hit_rate_at_5": 0.5618,
        "hit_rate_at_10": 0.73258,
        "hit_rate_at_25": 0.9191,
        "hit_rate_at_50": 0.98727,
        "R_cap_at_1": 0.23895,
        "R_cap_at_5": 0.47489,
        "R_cap_at_10": 0.64887,
        "R_cap_at_25": 0.87307,
        "R_cap_at_50": 0.97459,
        "main_score": 0.42091,
        "hf_subset": "QASPER",
        "languages": [
          "eng-Latn"
        ]
      }
    ]
  },
  "evaluation_time": 162.39231991767883,
  "kg_co2_emissions": null,
  "date": null
}