{
  "dataset_revision": "1.0",
  "task_name": "REALTALK",
  "mteb_version": "2.12.1",
  "scores": {
    "test": [
      {
        "ndcg_at_1": 0.16505,
        "ndcg_at_5": 0.20523,
        "ndcg_at_10": 0.22157,
        "ndcg_at_25": 0.25839,
        "ndcg_at_50": 0.28123,
        "map_at_1": 0.11392,
        "map_at_5": 0.16533,
        "map_at_10": 0.17319,
        "map_at_25": 0.18556,
        "map_at_50": 0.19055,
        "recall_at_1": 0.11392,
        "recall_at_5": 0.24463,
        "recall_at_10": 0.28413,
        "recall_at_25": 0.40102,
        "recall_at_50": 0.49589,
        "accuracy": 0.11392,
        "precision_at_1": 0.16505,
        "precision_at_5": 0.08738,
        "precision_at_10": 0.05728,
        "precision_at_25": 0.03612,
        "precision_at_50": 0.02233,
        "mrr_at_1": 0.165049,
        "mrr_at_5": 0.23301,
        "mrr_at_10": 0.241301,
        "mrr_at_25": 0.249836,
        "mrr_at_50": 0.251579,
        "nauc_ndcg_at_1_max": 0.210304,
        "nauc_ndcg_at_1_std": -0.425751,
        "nauc_ndcg_at_1_diff1": 0.332488,
        "nauc_ndcg_at_5_max": 0.237398,
        "nauc_ndcg_at_5_std": -0.436868,
        "nauc_ndcg_at_5_diff1": 0.294088,
        "nauc_ndcg_at_10_max": 0.238031,
        "nauc_ndcg_at_10_std": -0.433335,
        "nauc_ndcg_at_10_diff1": 0.296235,
        "nauc_ndcg_at_25_max": 0.230754,
        "nauc_ndcg_at_25_std": -0.404526,
        "nauc_ndcg_at_25_diff1": 0.296654,
        "nauc_ndcg_at_50_max": 0.213665,
        "nauc_ndcg_at_50_std": -0.406861,
        "nauc_ndcg_at_50_diff1": 0.317027,
        "nauc_map_at_1_max": 0.27244,
        "nauc_map_at_1_std": -0.398766,
        "nauc_map_at_1_diff1": 0.389721,
        "nauc_map_at_5_max": 0.265371,
        "nauc_map_at_5_std": -0.41462,
        "nauc_map_at_5_diff1": 0.323627,
        "nauc_map_at_10_max": 0.266223,
        "nauc_map_at_10_std": -0.415467,
        "nauc_map_at_10_diff1": 0.321592,
        "nauc_map_at_25_max": 0.267198,
        "nauc_map_at_25_std": -0.407812,
        "nauc_map_at_25_diff1": 0.320176,
        "nauc_map_at_50_max": 0.263101,
        "nauc_map_at_50_std": -0.408573,
        "nauc_map_at_50_diff1": 0.324147,
        "nauc_recall_at_1_max": 0.27244,
        "nauc_recall_at_1_std": -0.398766,
        "nauc_recall_at_1_diff1": 0.389721,
        "nauc_recall_at_5_max": 0.238423,
        "nauc_recall_at_5_std": -0.435199,
        "nauc_recall_at_5_diff1": 0.286958,
        "nauc_recall_at_10_max": 0.224928,
        "nauc_recall_at_10_std": -0.427481,
        "nauc_recall_at_10_diff1": 0.272284,
        "nauc_recall_at_25_max": 0.212736,
        "nauc_recall_at_25_std": -0.329705,
        "nauc_recall_at_25_diff1": 0.265545,
        "nauc_recall_at_50_max": 0.158871,
        "nauc_recall_at_50_std": -0.319395,
        "nauc_recall_at_50_diff1": 0.335851,
        "nauc_precision_at_1_max": 0.210304,
        "nauc_precision_at_1_std": -0.425751,
        "nauc_precision_at_1_diff1": 0.332488,
        "nauc_precision_at_5_max": 0.168101,
        "nauc_precision_at_5_std": -0.475864,
        "nauc_precision_at_5_diff1": 0.149463,
        "nauc_precision_at_10_max": 0.216535,
        "nauc_precision_at_10_std": -0.348345,
        "nauc_precision_at_10_diff1": 0.152424,
        "nauc_precision_at_25_max": 0.189738,
        "nauc_precision_at_25_std": -0.213587,
        "nauc_precision_at_25_diff1": 0.153988,
        "nauc_precision_at_50_max": 0.120492,
        "nauc_precision_at_50_std": -0.206392,
        "nauc_precision_at_50_diff1": 0.168272,
        "nauc_mrr_at_1_max": 0.210304,
        "nauc_mrr_at_1_std": -0.425751,
        "nauc_mrr_at_1_diff1": 0.332488,
        "nauc_mrr_at_5_max": 0.172874,
        "nauc_mrr_at_5_std": -0.454031,
        "nauc_mrr_at_5_diff1": 0.2703,
        "nauc_mrr_at_10_max": 0.167741,
        "nauc_mrr_at_10_std": -0.45026,
        "nauc_mrr_at_10_diff1": 0.270403,
        "nauc_mrr_at_25_max": 0.167408,
        "nauc_mrr_at_25_std": -0.442619,
        "nauc_mrr_at_25_diff1": 0.270056,
        "nauc_mrr_at_50_max": 0.166935,
        "nauc_mrr_at_50_std": -0.443015,
        "nauc_mrr_at_50_diff1": 0.271997,
        "hit_rate_at_1": 0.16505,
        "hit_rate_at_5": 0.36893,
        "hit_rate_at_10": 0.42718,
        "hit_rate_at_25": 0.57282,
        "hit_rate_at_50": 0.63107,
        "R_cap_at_1": 0.16505,
        "R_cap_at_5": 0.24854,
        "R_cap_at_10": 0.28552,
        "R_cap_at_25": 0.40102,
        "R_cap_at_50": 0.49589,
        "main_score": 0.22157,
        "hf_subset": "commonsense",
        "languages": [
          "eng-Latn"
        ]
      },
      {
        "ndcg_at_1": 0.09057,
        "ndcg_at_5": 0.12175,
        "ndcg_at_10": 0.17426,
        "ndcg_at_25": 0.21594,
        "ndcg_at_50": 0.25544,
        "map_at_1": 0.03138,
        "map_at_5": 0.07912,
        "map_at_10": 0.10438,
        "map_at_25": 0.11815,
        "map_at_50": 0.12618,
        "recall_at_1": 0.03138,
        "recall_at_5": 0.14297,
        "recall_at_10": 0.2685,
        "recall_at_25": 0.39112,
        "recall_at_50": 0.5347,
        "accuracy": 0.03138,
        "precision_at_1": 0.09057,
        "precision_at_5": 0.08226,
        "precision_at_10": 0.07811,
        "precision_at_25": 0.048,
        "precision_at_50": 0.03381,
        "mrr_at_1": 0.090566,
        "mrr_at_5": 0.163711,
        "mrr_at_10": 0.189843,
        "mrr_at_25": 0.199987,
        "mrr_at_50": 0.204327,
        "nauc_ndcg_at_1_max": 0.010071,
        "nauc_ndcg_at_1_std": -0.015509,
        "nauc_ndcg_at_1_diff1": -0.000954,
        "nauc_ndcg_at_5_max": 0.036167,
        "nauc_ndcg_at_5_std": -0.048822,
        "nauc_ndcg_at_5_diff1": 0.043856,
        "nauc_ndcg_at_10_max": 0.04705,
        "nauc_ndcg_at_10_std": -0.014382,
        "nauc_ndcg_at_10_diff1": 0.093303,
        "nauc_ndcg_at_25_max": 0.082769,
        "nauc_ndcg_at_25_std": 0.02991,
        "nauc_ndcg_at_25_diff1": 0.079323,
        "nauc_ndcg_at_50_max": 0.095337,
        "nauc_ndcg_at_50_std": 0.032744,
        "nauc_ndcg_at_50_diff1": 0.104256,
        "nauc_map_at_1_max": 0.011871,
        "nauc_map_at_1_std": -0.012523,
        "nauc_map_at_1_diff1": 0.083464,
        "nauc_map_at_5_max": 0.03168,
        "nauc_map_at_5_std": -0.052918,
        "nauc_map_at_5_diff1": 0.05002,
        "nauc_map_at_10_max": 0.041777,
        "nauc_map_at_10_std": -0.031576,
        "nauc_map_at_10_diff1": 0.080358,
        "nauc_map_at_25_max": 0.057557,
        "nauc_map_at_25_std": -0.008334,
        "nauc_map_at_25_diff1": 0.075201,
        "nauc_map_at_50_max": 0.064772,
        "nauc_map_at_50_std": -0.004607,
        "nauc_map_at_50_diff1": 0.083901,
        "nauc_recall_at_1_max": 0.011871,
        "nauc_recall_at_1_std": -0.012523,
        "nauc_recall_at_1_diff1": 0.083464,
        "nauc_recall_at_5_max": 0.030631,
        "nauc_recall_at_5_std": -0.053014,
        "nauc_recall_at_5_diff1": 0.069184,
        "nauc_recall_at_10_max": 0.046707,
        "nauc_recall_at_10_std": 0.006412,
        "nauc_recall_at_10_diff1": 0.130658,
        "nauc_recall_at_25_max": 0.113156,
        "nauc_recall_at_25_std": 0.07996,
        "nauc_recall_at_25_diff1": 0.079571,
        "nauc_recall_at_50_max": 0.123015,
        "nauc_recall_at_50_std": 0.074933,
        "nauc_recall_at_50_diff1": 0.141014,
        "nauc_precision_at_1_max": 0.010071,
        "nauc_precision_at_1_std": -0.015509,
        "nauc_precision_at_1_diff1": -0.000954,
        "nauc_precision_at_5_max": 0.048559,
        "nauc_precision_at_5_std": -0.029543,
        "nauc_precision_at_5_diff1": 0.026215,
        "nauc_precision_at_10_max": 0.061005,
        "nauc_precision_at_10_std": 0.014692,
        "nauc_precision_at_10_diff1": 0.075148,
        "nauc_precision_at_25_max": 0.11076,
        "nauc_precision_at_25_std": 0.077265,
        "nauc_precision_at_25_diff1": 0.034544,
        "nauc_precision_at_50_max": 0.135996,
        "nauc_precision_at_50_std": 0.080276,
        "nauc_precision_at_50_diff1": 0.059883,