{
  "dataset_revision": "1.0",
  "task_name": "ToolBench",
  "mteb_version": "2.12.1",
  "scores": {
    "test": [
      {
        "ndcg_at_1": 0.22818,
        "ndcg_at_5": 0.23486,
        "ndcg_at_10": 0.26408,
        "ndcg_at_25": 0.29559,
        "ndcg_at_50": 0.31558,
        "map_at_1": 0.10956,
        "map_at_5": 0.18879,
        "map_at_10": 0.20339,
        "map_at_25": 0.213,
        "map_at_50": 0.21661,
        "recall_at_1": 0.10956,
        "recall_at_5": 0.25738,
        "recall_at_10": 0.32842,
        "recall_at_25": 0.42985,
        "recall_at_50": 0.50973,
        "accuracy": 0.10956,
        "precision_at_1": 0.22818,
        "precision_at_5": 0.11436,
        "precision_at_10": 0.07327,
        "precision_at_25": 0.03862,
        "precision_at_50": 0.02313,
        "mrr_at_1": 0.228182,
        "mrr_at_5": 0.297924,
        "mrr_at_10": 0.30973,
        "mrr_at_25": 0.317442,
        "mrr_at_50": 0.320309,
        "nauc_ndcg_at_1_max": 0.231731,
        "nauc_ndcg_at_1_std": -0.154023,
        "nauc_ndcg_at_1_diff1": 0.454236,
        "nauc_ndcg_at_5_max": 0.268392,
        "nauc_ndcg_at_5_std": -0.152693,
        "nauc_ndcg_at_5_diff1": 0.366791,
        "nauc_ndcg_at_10_max": 0.266233,
        "nauc_ndcg_at_10_std": -0.164977,
        "nauc_ndcg_at_10_diff1": 0.360744,
        "nauc_ndcg_at_25_max": 0.28477,
        "nauc_ndcg_at_25_std": -0.167213,
        "nauc_ndcg_at_25_diff1": 0.349769,
        "nauc_ndcg_at_50_max": 0.285187,
        "nauc_ndcg_at_50_std": -0.176999,
        "nauc_ndcg_at_50_diff1": 0.344818,
        "nauc_map_at_1_max": 0.236428,
        "nauc_map_at_1_std": -0.157458,
        "nauc_map_at_1_diff1": 0.474052,
        "nauc_map_at_5_max": 0.276293,
        "nauc_map_at_5_std": -0.155003,
        "nauc_map_at_5_diff1": 0.379606,
        "nauc_map_at_10_max": 0.276568,
        "nauc_map_at_10_std": -0.160256,
        "nauc_map_at_10_diff1": 0.375154,
        "nauc_map_at_25_max": 0.282912,
        "nauc_map_at_25_std": -0.160672,
        "nauc_map_at_25_diff1": 0.371136,
        "nauc_map_at_50_max": 0.283078,
        "nauc_map_at_50_std": -0.162365,
        "nauc_map_at_50_diff1": 0.369711,
        "nauc_recall_at_1_max": 0.236428,
        "nauc_recall_at_1_std": -0.157458,
        "nauc_recall_at_1_diff1": 0.474052,
        "nauc_recall_at_5_max": 0.270648,
        "nauc_recall_at_5_std": -0.148469,
        "nauc_recall_at_5_diff1": 0.312384,
        "nauc_recall_at_10_max": 0.25553,
        "nauc_recall_at_10_std": -0.166283,
        "nauc_recall_at_10_diff1": 0.288481,
        "nauc_recall_at_25_max": 0.294631,
        "nauc_recall_at_25_std": -0.161613,
        "nauc_recall_at_25_diff1": 0.241946,
        "nauc_recall_at_50_max": 0.293847,
        "nauc_recall_at_50_std": -0.191061,
        "nauc_recall_at_50_diff1": 0.215372,
        "nauc_precision_at_1_max": 0.231731,
        "nauc_precision_at_1_std": -0.154023,
        "nauc_precision_at_1_diff1": 0.454236,
        "nauc_precision_at_5_max": 0.258564,
        "nauc_precision_at_5_std": -0.146138,
        "nauc_precision_at_5_diff1": 0.265166,
        "nauc_precision_at_10_max": 0.23724,
        "nauc_precision_at_10_std": -0.165162,
        "nauc_precision_at_10_diff1": 0.239724,
        "nauc_precision_at_25_max": 0.258257,
        "nauc_precision_at_25_std": -0.16275,
        "nauc_precision_at_25_diff1": 0.185723,
        "nauc_precision_at_50_max": 0.232783,
        "nauc_precision_at_50_std": -0.185536,
        "nauc_precision_at_50_diff1": 0.141197,
        "nauc_mrr_at_1_max": 0.231731,
        "nauc_mrr_at_1_std": -0.154023,
        "nauc_mrr_at_1_diff1": 0.454236,
        "nauc_mrr_at_5_max": 0.241365,
        "nauc_mrr_at_5_std": -0.145796,
        "nauc_mrr_at_5_diff1": 0.399337,
        "nauc_mrr_at_10_max": 0.238544,
        "nauc_mrr_at_10_std": -0.153313,
        "nauc_mrr_at_10_diff1": 0.396591,
        "nauc_mrr_at_25_max": 0.24275,
        "nauc_mrr_at_25_std": -0.153982,
        "nauc_mrr_at_25_diff1": 0.395188,
        "nauc_mrr_at_50_max": 0.242448,
        "nauc_mrr_at_50_std": -0.155645,
        "nauc_mrr_at_50_diff1": 0.395543,
        "hit_rate_at_1": 0.22818,
        "hit_rate_at_5": 0.41273,
        "hit_rate_at_10": 0.49818,
        "hit_rate_at_25": 0.62091,
        "hit_rate_at_50": 0.71727,
        "R_cap_at_1": 0.22818,
        "R_cap_at_5": 0.25759,
        "R_cap_at_10": 0.32842,
        "R_cap_at_25": 0.42985,
        "R_cap_at_50": 0.50973,
        "main_score": 0.26408,
        "hf_subset": "ToolBench",
        "languages": [
          "eng-Latn"
        ]
      }
    ]
  },
  "evaluation_time": 144.24947333335876,
  "kg_co2_emissions": null,
  "date": null
}