{
  "dataset_revision": "1.0",
  "task_name": "REALTALK",
  "mteb_version": "2.12.2",
  "scores": {
    "test": [
      {
        "ndcg_at_1": 0.29126,
        "ndcg_at_5": 0.30023,
        "ndcg_at_10": 0.31763,
        "ndcg_at_25": 0.36009,
        "ndcg_at_50": 0.39209,
        "map_at_1": 0.18552,
        "map_at_5": 0.24603,
        "map_at_10": 0.25923,
        "map_at_25": 0.27186,
        "map_at_50": 0.27913,
        "recall_at_1": 0.18552,
        "recall_at_5": 0.31556,
        "recall_at_10": 0.36491,
        "recall_at_25": 0.51296,
        "recall_at_50": 0.63757,
        "accuracy": 0.18552,
        "precision_at_1": 0.29126,
        "precision_at_5": 0.12039,
        "precision_at_10": 0.07573,
        "precision_at_25": 0.0435,
        "precision_at_50": 0.02893,
        "mrr_at_1": 0.291262,
        "mrr_at_5": 0.373625,
        "mrr_at_10": 0.378275,
        "mrr_at_25": 0.387078,
        "mrr_at_50": 0.389889,
        "nauc_ndcg_at_1_max": 0.418337,
        "nauc_ndcg_at_1_std": -0.1791,
        "nauc_ndcg_at_1_diff1": 0.545278,
        "nauc_ndcg_at_5_max": 0.409291,
        "nauc_ndcg_at_5_std": -0.195768,
        "nauc_ndcg_at_5_diff1": 0.53885,
        "nauc_ndcg_at_10_max": 0.373841,
        "nauc_ndcg_at_10_std": -0.217036,
        "nauc_ndcg_at_10_diff1": 0.5377,
        "nauc_ndcg_at_25_max": 0.340856,
        "nauc_ndcg_at_25_std": -0.19842,
        "nauc_ndcg_at_25_diff1": 0.532647,
        "nauc_ndcg_at_50_max": 0.340211,
        "nauc_ndcg_at_50_std": -0.190868,
        "nauc_ndcg_at_50_diff1": 0.533667,
        "nauc_map_at_1_max": 0.454934,
        "nauc_map_at_1_std": -0.171932,
        "nauc_map_at_1_diff1": 0.632867,
        "nauc_map_at_5_max": 0.420766,
        "nauc_map_at_5_std": -0.190808,
        "nauc_map_at_5_diff1": 0.581307,
        "nauc_map_at_10_max": 0.407849,
        "nauc_map_at_10_std": -0.204777,
        "nauc_map_at_10_diff1": 0.574507,
        "nauc_map_at_25_max": 0.400565,
        "nauc_map_at_25_std": -0.200857,
        "nauc_map_at_25_diff1": 0.571861,
        "nauc_map_at_50_max": 0.4002,
        "nauc_map_at_50_std": -0.19737,
        "nauc_map_at_50_diff1": 0.571017,
        "nauc_recall_at_1_max": 0.454934,
        "nauc_recall_at_1_std": -0.171932,
        "nauc_recall_at_1_diff1": 0.632867,
        "nauc_recall_at_5_max": 0.313532,
        "nauc_recall_at_5_std": -0.162489,
        "nauc_recall_at_5_diff1": 0.4878,
        "nauc_recall_at_10_max": 0.277042,
        "nauc_recall_at_10_std": -0.221106,
        "nauc_recall_at_10_diff1": 0.491842,
        "nauc_recall_at_25_max": 0.123954,
        "nauc_recall_at_25_std": -0.132074,
        "nauc_recall_at_25_diff1": 0.428273,
        "nauc_recall_at_50_max": 0.102062,
        "nauc_recall_at_50_std": -0.072496,
        "nauc_recall_at_50_diff1": 0.460523,
        "nauc_precision_at_1_max": 0.418337,
        "nauc_precision_at_1_std": -0.1791,
        "nauc_precision_at_1_diff1": 0.545278,
        "nauc_precision_at_5_max": 0.288259,
        "nauc_precision_at_5_std": -0.234282,
        "nauc_precision_at_5_diff1": 0.265015,
        "nauc_precision_at_10_max": 0.17587,
        "nauc_precision_at_10_std": -0.274334,
        "nauc_precision_at_10_diff1": 0.198876,
        "nauc_precision_at_25_max": 0.091794,
        "nauc_precision_at_25_std": -0.209794,
        "nauc_precision_at_25_diff1": 0.091096,
        "nauc_precision_at_50_max": 0.064605,
        "nauc_precision_at_50_std": -0.194589,
        "nauc_precision_at_50_diff1": 0.016638,
        "nauc_mrr_at_1_max": 0.418337,
        "nauc_mrr_at_1_std": -0.1791,
        "nauc_mrr_at_1_diff1": 0.545278,
        "nauc_mrr_at_5_max": 0.376815,
        "nauc_mrr_at_5_std": -0.185008,
        "nauc_mrr_at_5_diff1": 0.492213,
        "nauc_mrr_at_10_max": 0.373091,
        "nauc_mrr_at_10_std": -0.188669,
        "nauc_mrr_at_10_diff1": 0.494178,
        "nauc_mrr_at_25_max": 0.368091,
        "nauc_mrr_at_25_std": -0.184018,
        "nauc_mrr_at_25_diff1": 0.496369,
        "nauc_mrr_at_50_max": 0.369288,
        "nauc_mrr_at_50_std": -0.185269,
        "nauc_mrr_at_50_diff1": 0.498062,
        "hit_rate_at_1": 0.29126,
        "hit_rate_at_5": 0.50485,
        "hit_rate_at_10": 0.54369,
        "hit_rate_at_25": 0.68932,
        "hit_rate_at_50": 0.78641,
        "R_cap_at_1": 0.29126,
        "R_cap_at_5": 0.32443,
        "R_cap_at_10": 0.36627,
        "R_cap_at_25": 0.51296,
        "R_cap_at_50": 0.63757,
        "main_score": 0.31763,
        "hf_subset": "commonsense",
        "languages": [
          "eng-Latn"
        ]
      },
      {
        "ndcg_at_1": 0.2717,
        "ndcg_at_5": 0.28786,
        "ndcg_at_10": 0.3332,
        "ndcg_at_25": 0.38657,
        "ndcg_at_50": 0.42275,
        "map_at_1": 0.10104,
        "map_at_5": 0.20034,
        "map_at_10": 0.22722,
        "map_at_25": 0.24922,
        "map_at_50": 0.25848,
        "recall_at_1": 0.10104,
        "recall_at_5": 0.31024,
        "recall_at_10": 0.42117,
        "recall_at_25": 0.57308,
        "recall_at_50": 0.70208,
        "accuracy": 0.10104,
        "precision_at_1": 0.2717,
        "precision_at_5": 0.17811,
        "precision_at_10": 0.12717,
        "precision_at_25": 0.07245,
        "precision_at_50": 0.04566,
        "mrr_at_1": 0.271698,
        "mrr_at_5": 0.40717,
        "mrr_at_10": 0.422418,
        "mrr_at_25": 0.428517,
        "mrr_at_50": 0.430396,
        "nauc_ndcg_at_1_max": 0.090954,
        "nauc_ndcg_at_1_std": 0.18027,
        "nauc_ndcg_at_1_diff1": 0.243908,
        "nauc_ndcg_at_5_max": 0.154377,
        "nauc_ndcg_at_5_std": 0.154695,
        "nauc_ndcg_at_5_diff1": 0.217265,
        "nauc_ndcg_at_10_max": 0.158735,
        "nauc_ndcg_at_10_std": 0.177594,
        "nauc_ndcg_at_10_diff1": 0.203154,
        "nauc_ndcg_at_25_max": 0.163218,
        "nauc_ndcg_at_25_std": 0.229993,
        "nauc_ndcg_at_25_diff1": 0.193614,
        "nauc_ndcg_at_50_max": 0.176123,
        "nauc_ndcg_at_50_std": 0.238174,
        "nauc_ndcg_at_50_diff1": 0.200608,
        "nauc_map_at_1_max": 0.096366,
        "nauc_map_at_1_std": 0.115283,
        "nauc_map_at_1_diff1": 0.28482,
        "nauc_map_at_5_max": 0.147395,
        "nauc_map_at_5_std": 0.13041,
        "nauc_map_at_5_diff1": 0.263453,
        "nauc_map_at_10_max": 0.145316,
        "nauc_map_at_10_std": 0.145168,
        "nauc_map_at_10_diff1": 0.247773,
        "nauc_map_at_25_max": 0.149297,
        "nauc_map_at_25_std": 0.170458,
        "nauc_map_at_25_diff1": 0.239202,
        "nauc_map_at_50_max": 0.15496,
        "nauc_map_at_50_std": 0.177397,
        "nauc_map_at_50_diff1": 0.239985,
        "nauc_recall_at_1_max": 0.096366,
        "nauc_recall_at_1_std": 0.115283,
        "nauc_recall_at_1_diff1": 0.28482,
        "nauc_recall_at_5_max": 0.152633,
        "nauc_recall_at_5_std": 0.132974,
        "nauc_recall_at_5_diff1": 0.191735,
        "nauc_recall_at_10_max": 0.16066,
        "nauc_recall_at_10_std": 0.163789,
        "nauc_recall_at_10_diff1": 0.135323,
        "nauc_recall_at_25_max": 0.162599,
        "nauc_recall_at_25_std": 0.275721,
        "nauc_recall_at_25_diff1": 0.113348,
        "nauc_recall_at_50_max": 0.201206,
        "nauc_recall_at_50_std": 0.310679,
        "nauc_recall_at_50_diff1": 0.150748,
        "nauc_precision_at_1_max": 0.090954,
        "nauc_precision_at_1_std": 0.18027,
        "nauc_precision_at_1_diff1": 0.243908,
        "nauc_precision_at_5_max": 0.183059,
        "nauc_precision_at_5_std": 0.227321,
        "nauc_precision_at_5_diff1": 0.114191,
        "nauc_precision_at_10_max": 0.158169,
        "nauc_precision_at_10_std": 0.208568,
        "nauc_precision_at_10_diff1": 0.042894,
        "nauc_precision_at_25_max": 0.120628,
        "nauc_precision_at_25_std": 0.253573,
        "nauc_precision_at_25_diff1": -0.026545,
        "nauc_precision_at_50_max": 0.132857,
        "nauc_precision_at_50_std": 0.219195,
        "nauc_precision_at_50_diff1": -0.050139,