{
  "dataset_revision": "1.0",
  "task_name": "REALTALK",
  "mteb_version": "2.12.2",
  "scores": {
    "test": [
      {
        "ndcg_at_1": 0.2233,
        "ndcg_at_5": 0.26231,
        "ndcg_at_10": 0.2785,
        "ndcg_at_25": 0.31263,
        "ndcg_at_50": 0.336,
        "map_at_1": 0.1417,
        "map_at_5": 0.20778,
        "map_at_10": 0.21877,
        "map_at_25": 0.23097,
        "map_at_50": 0.23578,
        "recall_at_1": 0.1417,
        "recall_at_5": 0.29608,
        "recall_at_10": 0.34932,
        "recall_at_25": 0.46879,
        "recall_at_50": 0.55821,
        "accuracy": 0.1417,
        "precision_at_1": 0.2233,
        "precision_at_5": 0.1165,
        "precision_at_10": 0.07476,
        "precision_at_25": 0.04117,
        "precision_at_50": 0.02641,
        "mrr_at_1": 0.223301,
        "mrr_at_5": 0.301618,
        "mrr_at_10": 0.308426,
        "mrr_at_25": 0.31482,
        "mrr_at_50": 0.317921,
        "nauc_ndcg_at_1_max": 0.280522,
        "nauc_ndcg_at_1_std": -0.300611,
        "nauc_ndcg_at_1_diff1": 0.504163,
        "nauc_ndcg_at_5_max": 0.340111,
        "nauc_ndcg_at_5_std": -0.291851,
        "nauc_ndcg_at_5_diff1": 0.50866,
        "nauc_ndcg_at_10_max": 0.318966,
        "nauc_ndcg_at_10_std": -0.244043,
        "nauc_ndcg_at_10_diff1": 0.496992,
        "nauc_ndcg_at_25_max": 0.30071,
        "nauc_ndcg_at_25_std": -0.242461,
        "nauc_ndcg_at_25_diff1": 0.517625,
        "nauc_ndcg_at_50_max": 0.293237,
        "nauc_ndcg_at_50_std": -0.25239,
        "nauc_ndcg_at_50_diff1": 0.507541,
        "nauc_map_at_1_max": 0.362958,
        "nauc_map_at_1_std": -0.206033,
        "nauc_map_at_1_diff1": 0.621685,
        "nauc_map_at_5_max": 0.354828,
        "nauc_map_at_5_std": -0.265504,
        "nauc_map_at_5_diff1": 0.566935,
        "nauc_map_at_10_max": 0.342442,
        "nauc_map_at_10_std": -0.251047,
        "nauc_map_at_10_diff1": 0.549297,
        "nauc_map_at_25_max": 0.338617,
        "nauc_map_at_25_std": -0.252156,
        "nauc_map_at_25_diff1": 0.54984,
        "nauc_map_at_50_max": 0.336487,
        "nauc_map_at_50_std": -0.255908,
        "nauc_map_at_50_diff1": 0.546944,
        "nauc_recall_at_1_max": 0.362958,
        "nauc_recall_at_1_std": -0.206033,
        "nauc_recall_at_1_diff1": 0.621685,
        "nauc_recall_at_5_max": 0.307451,
        "nauc_recall_at_5_std": -0.203491,
        "nauc_recall_at_5_diff1": 0.49665,
        "nauc_recall_at_10_max": 0.250788,
        "nauc_recall_at_10_std": -0.11614,
        "nauc_recall_at_10_diff1": 0.43066,
        "nauc_recall_at_25_max": 0.171396,
        "nauc_recall_at_25_std": -0.111355,
        "nauc_recall_at_25_diff1": 0.447313,
        "nauc_recall_at_50_max": 0.14342,
        "nauc_recall_at_50_std": -0.138105,
        "nauc_recall_at_50_diff1": 0.428599,
        "nauc_precision_at_1_max": 0.280522,
        "nauc_precision_at_1_std": -0.300611,
        "nauc_precision_at_1_diff1": 0.504163,
        "nauc_precision_at_5_max": 0.274113,
        "nauc_precision_at_5_std": -0.348915,
        "nauc_precision_at_5_diff1": 0.169441,
        "nauc_precision_at_10_max": 0.20254,
        "nauc_precision_at_10_std": -0.224331,
        "nauc_precision_at_10_diff1": 0.066074,
        "nauc_precision_at_25_max": 0.154623,
        "nauc_precision_at_25_std": -0.228405,
        "nauc_precision_at_25_diff1": 0.052315,
        "nauc_precision_at_50_max": 0.117072,
        "nauc_precision_at_50_std": -0.238905,
        "nauc_precision_at_50_diff1": -0.033596,
        "nauc_mrr_at_1_max": 0.280522,
        "nauc_mrr_at_1_std": -0.300611,
        "nauc_mrr_at_1_diff1": 0.504163,
        "nauc_mrr_at_5_max": 0.299922,
        "nauc_mrr_at_5_std": -0.32702,
        "nauc_mrr_at_5_diff1": 0.480717,
        "nauc_mrr_at_10_max": 0.292065,
        "nauc_mrr_at_10_std": -0.314702,
        "nauc_mrr_at_10_diff1": 0.4764,
        "nauc_mrr_at_25_max": 0.290078,
        "nauc_mrr_at_25_std": -0.318325,
        "nauc_mrr_at_25_diff1": 0.481928,
        "nauc_mrr_at_50_max": 0.290498,
        "nauc_mrr_at_50_std": -0.318978,
        "nauc_mrr_at_50_diff1": 0.480218,
        "hit_rate_at_1": 0.2233,
        "hit_rate_at_5": 0.4466,
        "hit_rate_at_10": 0.50485,
        "hit_rate_at_25": 0.61165,
        "hit_rate_at_50": 0.72816,
        "R_cap_at_1": 0.2233,
        "R_cap_at_5": 0.30809,
        "R_cap_at_10": 0.35202,
        "R_cap_at_25": 0.46879,
        "R_cap_at_50": 0.55821,
        "main_score": 0.2785,
        "hf_subset": "commonsense",
        "languages": [
          "eng-Latn"
        ]
      },
      {
        "ndcg_at_1": 0.20377,
        "ndcg_at_5": 0.21175,
        "ndcg_at_10": 0.24625,
        "ndcg_at_25": 0.2969,
        "ndcg_at_50": 0.33135,
        "map_at_1": 0.07439,
        "map_at_5": 0.14792,
        "map_at_10": 0.1671,
        "map_at_25": 0.18408,
        "map_at_50": 0.19221,
        "recall_at_1": 0.07439,
        "recall_at_5": 0.22997,
        "recall_at_10": 0.31169,
        "recall_at_25": 0.45782,
        "recall_at_50": 0.58062,
        "accuracy": 0.07439,
        "precision_at_1": 0.20377,
        "precision_at_5": 0.13283,
        "precision_at_10": 0.09434,
        "precision_at_25": 0.05796,
        "precision_at_50": 0.03774,
        "mrr_at_1": 0.203774,
        "mrr_at_5": 0.302704,
        "mrr_at_10": 0.316385,
        "mrr_at_25": 0.327313,
        "mrr_at_50": 0.329776,
        "nauc_ndcg_at_1_max": 0.127049,
        "nauc_ndcg_at_1_std": 0.166937,
        "nauc_ndcg_at_1_diff1": 0.240237,
        "nauc_ndcg_at_5_max": 0.10977,
        "nauc_ndcg_at_5_std": 0.15139,
        "nauc_ndcg_at_5_diff1": 0.207749,
        "nauc_ndcg_at_10_max": 0.108597,
        "nauc_ndcg_at_10_std": 0.184489,
        "nauc_ndcg_at_10_diff1": 0.20626,
        "nauc_ndcg_at_25_max": 0.127307,
        "nauc_ndcg_at_25_std": 0.218426,
        "nauc_ndcg_at_25_diff1": 0.206954,
        "nauc_ndcg_at_50_max": 0.131119,
        "nauc_ndcg_at_50_std": 0.235319,
        "nauc_ndcg_at_50_diff1": 0.201727,
        "nauc_map_at_1_max": 0.089991,
        "nauc_map_at_1_std": 0.094146,
        "nauc_map_at_1_diff1": 0.271514,
        "nauc_map_at_5_max": 0.085796,
        "nauc_map_at_5_std": 0.136837,
        "nauc_map_at_5_diff1": 0.225433,
        "nauc_map_at_10_max": 0.091526,
        "nauc_map_at_10_std": 0.169592,
        "nauc_map_at_10_diff1": 0.227444,
        "nauc_map_at_25_max": 0.105413,
        "nauc_map_at_25_std": 0.18864,
        "nauc_map_at_25_diff1": 0.224914,
        "nauc_map_at_50_max": 0.108588,
        "nauc_map_at_50_std": 0.194984,
        "nauc_map_at_50_diff1": 0.222232,
        "nauc_recall_at_1_max": 0.089991,
        "nauc_recall_at_1_std": 0.094146,
        "nauc_recall_at_1_diff1": 0.271514,
        "nauc_recall_at_5_max": 0.091327,
        "nauc_recall_at_5_std": 0.133956,
        "nauc_recall_at_5_diff1": 0.1822,
        "nauc_recall_at_10_max": 0.090212,
        "nauc_recall_at_10_std": 0.185708,
        "nauc_recall_at_10_diff1": 0.162602,
        "nauc_recall_at_25_max": 0.120914,
        "nauc_recall_at_25_std": 0.244511,
        "nauc_recall_at_25_diff1": 0.158934,
        "nauc_recall_at_50_max": 0.115411,
        "nauc_recall_at_50_std": 0.273337,
        "nauc_recall_at_50_diff1": 0.13908,
        "nauc_precision_at_1_max": 0.127049,
        "nauc_precision_at_1_std": 0.166937,
        "nauc_precision_at_1_diff1": 0.240237,
        "nauc_precision_at_5_max": 0.134252,
        "nauc_precision_at_5_std": 0.226339,
        "nauc_precision_at_5_diff1": 0.138487,
        "nauc_precision_at_10_max": 0.163928,
        "nauc_precision_at_10_std": 0.264109,
        "nauc_precision_at_10_diff1": 0.143383,
        "nauc_precision_at_25_max": 0.178108,
        "nauc_precision_at_25_std": 0.287759,
        "nauc_precision_at_25_diff1": 0.072306,
        "nauc_precision_at_50_max": 0.161229,
        "nauc_precision_at_50_std": 0.260977,
        "nauc_precision_at_50_diff1": 0.013329,