{
  "metric": "main_score",
  "mean_dataset": 0.43670112935906685,
  "type_means": {
    "Episodic": 0.5042881728395062,
    "Dialogue": 0.43093847222222226,
    "Semantic": 0.4611086607142857,
    "Procedural": 0.3640120416666667
  },
  "per_task": {
    "EPBench": 0.6134807407407408,
    "KnowMeBench": 0.2927493333333333,
    "LoCoMo": 0.260726,
    "LongMemEval": 0.6764666666666667,
    "REALTALK": 0.27740333333333334,
    "TMD": 0.1098975,
    "MemBench": 0.658274,
    "ConvoMem": 0.6028633333333333,
    "QASPER": 0.42091,
    "NovelQA": 0.18507428571428572,
    "PeerQA": 0.27021,
    "CovidQA": 0.63517,
    "ESGReports": 0.26311,
    "MLDR": 0.72749,
    "LooGLE": 0.486915,
    "LMEB_SciFact": 0.69999,
    "Gorilla": 0.26864,
    "ToolBench": 0.26408,
    "ReMe": 0.6066344444444445,
    "Proced_mem_bench": 0.3439566666666667,
    "MemGovern": 0.8094835416666667,
    "DeepPlanning": 0.1339
  }
}