{
  "dataset_revision": "1.0",
  "task_name": "REALTALK",
  "mteb_version": "2.12.2",
  "scores": {
    "test": [
      {
        "ndcg_at_1": 0.00971,
        "ndcg_at_5": 0.01636,
        "ndcg_at_10": 0.0168,
        "ndcg_at_25": 0.02963,
        "ndcg_at_50": 0.04299,
        "map_at_1": 0.00485,
        "map_at_5": 0.00995,
        "map_at_10": 0.01003,
        "map_at_25": 0.0134,
        "map_at_50": 0.01506,
        "recall_at_1": 0.00485,
        "recall_at_5": 0.02306,
        "recall_at_10": 0.0235,
        "recall_at_25": 0.07071,
        "recall_at_50": 0.12545,
        "accuracy": 0.00485,
        "precision_at_1": 0.00971,
        "precision_at_5": 0.00971,
        "precision_at_10": 0.00583,
        "precision_at_25": 0.00583,
        "precision_at_50": 0.00563,
        "mrr_at_1": 0.009709,
        "mrr_at_5": 0.021359,
        "mrr_at_10": 0.022977,
        "mrr_at_25": 0.026763,
        "mrr_at_50": 0.029854,
        "nauc_ndcg_at_1_max": 0.323577,
        "nauc_ndcg_at_1_std": -0.571828,
        "nauc_ndcg_at_1_diff1": 1.0,
        "nauc_ndcg_at_5_max": 0.026002,
        "nauc_ndcg_at_5_std": -0.297675,
        "nauc_ndcg_at_5_diff1": 0.175649,
        "nauc_ndcg_at_10_max": 0.014931,
        "nauc_ndcg_at_10_std": -0.321226,
        "nauc_ndcg_at_10_diff1": 0.142308,
        "nauc_ndcg_at_25_max": -0.03322,
        "nauc_ndcg_at_25_std": -0.268104,
        "nauc_ndcg_at_25_diff1": 0.078378,
        "nauc_ndcg_at_50_max": 0.058667,
        "nauc_ndcg_at_50_std": -0.112748,
        "nauc_ndcg_at_50_diff1": 0.04221,
        "nauc_map_at_1_max": 0.323577,
        "nauc_map_at_1_std": -0.571828,
        "nauc_map_at_1_diff1": 1.0,
        "nauc_map_at_5_max": 0.071211,
        "nauc_map_at_5_std": -0.398677,
        "nauc_map_at_5_diff1": 0.309383,
        "nauc_map_at_10_max": 0.068366,
        "nauc_map_at_10_std": -0.398781,
        "nauc_map_at_10_diff1": 0.303465,
        "nauc_map_at_25_max": 0.047202,
        "nauc_map_at_25_std": -0.347496,
        "nauc_map_at_25_diff1": 0.224949,
        "nauc_map_at_50_max": 0.075078,
        "nauc_map_at_50_std": -0.296191,
        "nauc_map_at_50_diff1": 0.212009,
        "nauc_recall_at_1_max": 0.323577,
        "nauc_recall_at_1_std": -0.571828,
        "nauc_recall_at_1_diff1": 1.0,
        "nauc_recall_at_5_max": -0.031238,
        "nauc_recall_at_5_std": -0.312951,
        "nauc_recall_at_5_diff1": -0.07252,
        "nauc_recall_at_10_max": -0.036597,
        "nauc_recall_at_10_std": -0.314827,
        "nauc_recall_at_10_diff1": -0.080497,
        "nauc_recall_at_25_max": -0.113013,
        "nauc_recall_at_25_std": -0.254394,
        "nauc_recall_at_25_diff1": -0.078541,
        "nauc_recall_at_50_max": 0.051854,
        "nauc_recall_at_50_std": -0.027817,
        "nauc_recall_at_50_diff1": -0.078325,
        "nauc_precision_at_1_max": 0.323577,
        "nauc_precision_at_1_std": -0.571828,
        "nauc_precision_at_1_diff1": 1.0,
        "nauc_precision_at_5_max": -0.027568,
        "nauc_precision_at_5_std": -0.091802,
        "nauc_precision_at_5_diff1": 0.041724,
        "nauc_precision_at_10_max": -0.075736,
        "nauc_precision_at_10_std": -0.145305,
        "nauc_precision_at_10_diff1": -0.048116,
        "nauc_precision_at_25_max": -0.075576,
        "nauc_precision_at_25_std": -0.122737,
        "nauc_precision_at_25_diff1": -0.01705,
        "nauc_precision_at_50_max": 0.066831,
        "nauc_precision_at_50_std": 0.101216,
        "nauc_precision_at_50_diff1": -0.059864,
        "nauc_mrr_at_1_max": 0.323577,
        "nauc_mrr_at_1_std": -0.571828,
        "nauc_mrr_at_1_diff1": 1.0,
        "nauc_mrr_at_5_max": 0.042788,
        "nauc_mrr_at_5_std": -0.26979,
        "nauc_mrr_at_5_diff1": 0.333987,
        "nauc_mrr_at_10_max": 0.017481,
        "nauc_mrr_at_10_std": -0.279863,
        "nauc_mrr_at_10_diff1": 0.275445,
        "nauc_mrr_at_25_max": -0.001626,
        "nauc_mrr_at_25_std": -0.280984,
        "nauc_mrr_at_25_diff1": 0.263049,
        "nauc_mrr_at_50_max": 0.020796,
        "nauc_mrr_at_50_std": -0.230199,
        "nauc_mrr_at_50_diff1": 0.230917,
        "hit_rate_at_1": 0.00971,
        "hit_rate_at_5": 0.04854,
        "hit_rate_at_10": 0.05825,
        "hit_rate_at_25": 0.12621,
        "hit_rate_at_50": 0.24272,
        "R_cap_at_1": 0.00971,
        "R_cap_at_5": 0.02379,
        "R_cap_at_10": 0.02403,
        "R_cap_at_25": 0.07071,
        "R_cap_at_50": 0.12545,
        "main_score": 0.0168,
        "hf_subset": "commonsense",
        "languages": [
          "eng-Latn"
        ]
      },
      {
        "ndcg_at_1": 0.03396,
        "ndcg_at_5": 0.02689,
        "ndcg_at_10": 0.03488,
        "ndcg_at_25": 0.05155,
        "ndcg_at_50": 0.07236,
        "map_at_1": 0.00932,
        "map_at_5": 0.01582,
        "map_at_10": 0.01928,
        "map_at_25": 0.02321,
        "map_at_50": 0.02679,
        "recall_at_1": 0.00932,
        "recall_at_5": 0.02845,
        "recall_at_10": 0.04796,
        "recall_at_25": 0.09464,
        "recall_at_50": 0.17258,
        "accuracy": 0.00932,
        "precision_at_1": 0.03396,
        "precision_at_5": 0.01736,
        "precision_at_10": 0.01585,
        "precision_at_25": 0.01328,
        "precision_at_50": 0.01162,
        "mrr_at_1": 0.033962,
        "mrr_at_5": 0.045786,
        "mrr_at_10": 0.051965,
        "mrr_at_25": 0.058842,
        "mrr_at_50": 0.062395,
        "nauc_ndcg_at_1_max": 0.074229,
        "nauc_ndcg_at_1_std": 0.277183,
        "nauc_ndcg_at_1_diff1": 0.204063,
        "nauc_ndcg_at_5_max": -0.023174,
        "nauc_ndcg_at_5_std": 0.268672,
        "nauc_ndcg_at_5_diff1": 0.201822,
        "nauc_ndcg_at_10_max": 0.000494,
        "nauc_ndcg_at_10_std": 0.281123,
        "nauc_ndcg_at_10_diff1": 0.113114,
        "nauc_ndcg_at_25_max": 0.060399,
        "nauc_ndcg_at_25_std": 0.246181,
        "nauc_ndcg_at_25_diff1": 0.087328,
        "nauc_ndcg_at_50_max": 0.072242,
        "nauc_ndcg_at_50_std": 0.311728,
        "nauc_ndcg_at_50_diff1": 0.041377,
        "nauc_map_at_1_max": 0.121816,
        "nauc_map_at_1_std": 0.220757,
        "nauc_map_at_1_diff1": 0.250543,
        "nauc_map_at_5_max": -0.003442,
        "nauc_map_at_5_std": 0.272932,
        "nauc_map_at_5_diff1": 0.230841,
        "nauc_map_at_10_max": -0.006763,
        "nauc_map_at_10_std": 0.278673,
        "nauc_map_at_10_diff1": 0.190359,
        "nauc_map_at_25_max": 0.019367,
        "nauc_map_at_25_std": 0.259237,
        "nauc_map_at_25_diff1": 0.170578,
        "nauc_map_at_50_max": 0.026807,
        "nauc_map_at_50_std": 0.287409,
        "nauc_map_at_50_diff1": 0.136941,
        "nauc_recall_at_1_max": 0.121816,
        "nauc_recall_at_1_std": 0.220757,
        "nauc_recall_at_1_diff1": 0.250543,
        "nauc_recall_at_5_max": -0.082524,
        "nauc_recall_at_5_std": 0.272745,
        "nauc_recall_at_5_diff1": 0.204384,
        "nauc_recall_at_10_max": -0.019051,
        "nauc_recall_at_10_std": 0.289171,
        "nauc_recall_at_10_diff1": 0.055644,
        "nauc_recall_at_25_max": 0.099845,
        "nauc_recall_at_25_std": 0.205372,
        "nauc_recall_at_25_diff1": 0.047432,
        "nauc_recall_at_50_max": 0.094407,
        "nauc_recall_at_50_std": 0.312751,
        "nauc_recall_at_50_diff1": -0.009624,
        "nauc_precision_at_1_max": 0.074229,
        "nauc_precision_at_1_std": 0.277183,
        "nauc_precision_at_1_diff1": 0.204063,
        "nauc_precision_at_5_max": -0.070006,
        "nauc_precision_at_5_std": 0.223974,
        "nauc_precision_at_5_diff1": 0.188779,
        "nauc_precision_at_10_max": 0.004154,
        "nauc_precision_at_10_std": 0.301602,
        "nauc_precision_at_10_diff1": 0.029202,
        "nauc_precision_at_25_max": 0.082611,
        "nauc_precision_at_25_std": 0.284603,
        "nauc_precision_at_25_diff1": -0.021006,
        "nauc_precision_at_50_max": 0.105308,
        "nauc_precision_at_50_std": 0.384424,
        "nauc_precision_at_50_diff1": -0.086958,